0 verbose cli F:\New folder\node.exe F:\New folder\node_modules\npm\bin\npm-cli.js
1 info using npm@10.9.2
2 info using node@v22.16.0
3 silly config load:file:F:\New folder\node_modules\npm\npmrc
4 silly config load:file:D:\project\callify\call_me-main\call\frontend\.npmrc
5 silly config load:file:C:\Users\hirwa\.npmrc
6 silly config load:file:B:\npm-global\etc\npmrc
7 verbose title npm install
8 verbose argv "install" "--cache" ".npm-cache"
9 verbose logfile logs-max:10 dir:D:\project\callify\call_me-main\call\frontend\.npm-cache\_logs\2026-06-14T14_45_14_201Z-
10 verbose logfile D:\project\callify\call_me-main\call\frontend\.npm-cache\_logs\2026-06-14T14_45_14_201Z-debug-0.log
11 silly logfile done cleaning log files
12 silly packumentCache heap:4345298944 maxSize:1086324736 maxEntrySize:543162368
13 silly idealTree buildDeps
14 silly fetch manifest typescript@>=4.8.4 <5.9.0
15 silly packumentCache full:https://registry.npmjs.org/typescript cache-miss
16 http fetch GET 200 https://registry.npmjs.org/npm 1539ms
17 http fetch GET 200 https://registry.npmjs.org/typescript 877ms (cache miss)
18 silly packumentCache full:https://registry.npmjs.org/typescript set size:undefined disposed:false
19 warn ERESOLVE overriding peer dependency {
19 warn ERESOLVE   code: 'ERESOLVE',
19 warn ERESOLVE   edge: {
19 warn ERESOLVE     type: 'peer',
19 warn ERESOLVE     name: 'typescript',
19 warn ERESOLVE     spec: '>=4.8.4 <5.9.0',
19 warn ERESOLVE     error: 'INVALID',
19 warn ERESOLVE     from: {
19 warn ERESOLVE       name: '@typescript-eslint/eslint-plugin',
19 warn ERESOLVE       version: '8.37.0',
19 warn ERESOLVE       location: 'node_modules/@typescript-eslint/eslint-plugin',
19 warn ERESOLVE       isWorkspace: false,
19 warn ERESOLVE       dependents: [Array]
19 warn ERESOLVE     }
19 warn ERESOLVE   },
19 warn ERESOLVE   dep: {
19 warn ERESOLVE     name: 'typescript',
19 warn ERESOLVE     version: '5.8.3',
19 warn ERESOLVE     whileInstalling: {
19 warn ERESOLVE       name: '@typescript-eslint/eslint-plugin',
19 warn ERESOLVE       version: '8.37.0',
19 warn ERESOLVE       path: 'D:\\project\\callify\\call_me-main\\call\\frontend\\node_modules\\@typescript-eslint\\eslint-plugin'
19 warn ERESOLVE     },
19 warn ERESOLVE     location: 'node_modules/typescript',
19 warn ERESOLVE     isWorkspace: false,
19 warn ERESOLVE     dependents: [ [Object] ]
19 warn ERESOLVE   },
19 warn ERESOLVE   force: false,
19 warn ERESOLVE   isMine: false,
19 warn ERESOLVE   strictPeerDeps: false,
19 warn ERESOLVE   current: {
19 warn ERESOLVE     name: 'typescript',
19 warn ERESOLVE     version: '5.9.2',
19 warn ERESOLVE     location: 'node_modules/typescript',
19 warn ERESOLVE     isWorkspace: false,
19 warn ERESOLVE     dependents: [ [Object], [Object], [Object] ]
19 warn ERESOLVE   },
19 warn ERESOLVE   peerConflict: {
19 warn ERESOLVE     current: {
19 warn ERESOLVE       name: 'typescript',
19 warn ERESOLVE       version: '5.9.2',
19 warn ERESOLVE       location: 'node_modules/typescript',
19 warn ERESOLVE       isWorkspace: false,
19 warn ERESOLVE       dependents: [Array]
19 warn ERESOLVE     },
19 warn ERESOLVE     peer: {
19 warn ERESOLVE       name: 'typescript',
19 warn ERESOLVE       version: '5.8.3',
19 warn ERESOLVE       whileInstalling: [Object],
19 warn ERESOLVE       location: 'node_modules/typescript',
19 warn ERESOLVE       isWorkspace: false,
19 warn ERESOLVE       dependents: [Array]
19 warn ERESOLVE     }
19 warn ERESOLVE   }
19 warn ERESOLVE }
20 warn ERESOLVE overriding peer dependency {
20 warn ERESOLVE   code: 'ERESOLVE',
20 warn ERESOLVE   edge: {
20 warn ERESOLVE     type: 'peer',
20 warn ERESOLVE     name: 'typescript',
20 warn ERESOLVE     spec: '>=4.8.4 <5.9.0',
20 warn ERESOLVE     error: 'INVALID',
20 warn ERESOLVE     from: {
20 warn ERESOLVE       name: '@typescript-eslint/parser',
20 warn ERESOLVE       version: '8.37.0',
20 warn ERESOLVE       location: 'node_modules/@typescript-eslint/parser',
20 warn ERESOLVE       isWorkspace: false,
20 warn ERESOLVE       dependents: [Array]
20 warn ERESOLVE     }
20 warn ERESOLVE   },
20 warn ERESOLVE   dep: {
20 warn ERESOLVE     name: 'typescript',
20 warn ERESOLVE     version: '5.8.3',
20 warn ERESOLVE     whileInstalling: {
20 warn ERESOLVE       name: '@typescript-eslint/parser',
20 warn ERESOLVE       version: '8.37.0',
20 warn ERESOLVE       path: 'D:\\project\\callify\\call_me-main\\call\\frontend\\node_modules\\@typescript-eslint\\parser'
20 warn ERESOLVE     },
20 warn ERESOLVE     location: 'node_modules/typescript',
20 warn ERESOLVE     isWorkspace: false,
20 warn ERESOLVE     dependents: [ [Object] ]
20 warn ERESOLVE   },
20 warn ERESOLVE   force: false,
20 warn ERESOLVE   isMine: false,
20 warn ERESOLVE   strictPeerDeps: false,
20 warn ERESOLVE   current: {
20 warn ERESOLVE     name: 'typescript',
20 warn ERESOLVE     version: '5.9.2',
20 warn ERESOLVE     location: 'node_modules/typescript',
20 warn ERESOLVE     isWorkspace: false,
20 warn ERESOLVE     dependents: [ [Object], [Object], [Object] ]
20 warn ERESOLVE   },
20 warn ERESOLVE   peerConflict: {
20 warn ERESOLVE     current: {
20 warn ERESOLVE       name: 'typescript',
20 warn ERESOLVE       version: '5.9.2',
20 warn ERESOLVE       location: 'node_modules/typescript',
20 warn ERESOLVE       isWorkspace: false,
20 warn ERESOLVE       dependents: [Array]
20 warn ERESOLVE     },
20 warn ERESOLVE     peer: {
20 warn ERESOLVE       name: 'typescript',
20 warn ERESOLVE       version: '5.8.3',
20 warn ERESOLVE       whileInstalling: [Object],
20 warn ERESOLVE       location: 'node_modules/typescript',
20 warn ERESOLVE       isWorkspace: false,
20 warn ERESOLVE       dependents: [Array]
20 warn ERESOLVE     }
20 warn ERESOLVE   }
20 warn ERESOLVE }
21 warn ERESOLVE overriding peer dependency {
21 warn ERESOLVE   code: 'ERESOLVE',
21 warn ERESOLVE   edge: {
21 warn ERESOLVE     type: 'peer',
21 warn ERESOLVE     name: 'typescript',
21 warn ERESOLVE     spec: '>=4.8.4 <5.9.0',
21 warn ERESOLVE     error: 'INVALID',
21 warn ERESOLVE     from: {
21 warn ERESOLVE       name: '@typescript-eslint/project-service',
21 warn ERESOLVE       version: '8.37.0',
21 warn ERESOLVE       location: 'node_modules/@typescript-eslint/project-service',
21 warn ERESOLVE       isWorkspace: false,
21 warn ERESOLVE       dependents: [Array]
21 warn ERESOLVE     }
21 warn ERESOLVE   },
21 warn ERESOLVE   dep: {
21 warn ERESOLVE     name: 'typescript',
21 warn ERESOLVE     version: '5.8.3',
21 warn ERESOLVE     whileInstalling: {
21 warn ERESOLVE       name: '@typescript-eslint/project-service',
21 warn ERESOLVE       version: '8.37.0',
21 warn ERESOLVE       path: 'D:\\project\\callify\\call_me-main\\call\\frontend\\node_modules\\@typescript-eslint\\project-service'
21 warn ERESOLVE     },
21 warn ERESOLVE     location: 'node_modules/typescript',
21 warn ERESOLVE     isWorkspace: false,
21 warn ERESOLVE     dependents: [ [Object] ]
21 warn ERESOLVE   },
21 warn ERESOLVE   force: false,
21 warn ERESOLVE   isMine: false,
21 warn ERESOLVE   strictPeerDeps: false,
21 warn ERESOLVE   current: {
21 warn ERESOLVE     name: 'typescript',
21 warn ERESOLVE     version: '5.9.2',
21 warn ERESOLVE     location: 'node_modules/typescript',
21 warn ERESOLVE     isWorkspace: false,
21 warn ERESOLVE     dependents: [ [Object], [Object], [Object] ]
21 warn ERESOLVE   },
21 warn ERESOLVE   peerConflict: {
21 warn ERESOLVE     current: {
21 warn ERESOLVE       name: 'typescript',
21 warn ERESOLVE       version: '5.9.2',
21 warn ERESOLVE       location: 'node_modules/typescript',
21 warn ERESOLVE       isWorkspace: false,
21 warn ERESOLVE       dependents: [Array]
21 warn ERESOLVE     },
21 warn ERESOLVE     peer: {
21 warn ERESOLVE       name: 'typescript',
21 warn ERESOLVE       version: '5.8.3',
21 warn ERESOLVE       whileInstalling: [Object],
21 warn ERESOLVE       location: 'node_modules/typescript',
21 warn ERESOLVE       isWorkspace: false,
21 warn ERESOLVE       dependents: [Array]
21 warn ERESOLVE     }
21 warn ERESOLVE   }
21 warn ERESOLVE }
22 warn ERESOLVE overriding peer dependency {
22 warn ERESOLVE   code: 'ERESOLVE',
22 warn ERESOLVE   edge: {
22 warn ERESOLVE     type: 'peer',
22 warn ERESOLVE     name: 'typescript',
22 warn ERESOLVE     spec: '>=4.8.4 <5.9.0',
22 warn ERESOLVE     error: 'INVALID',
22 warn ERESOLVE     from: {
22 warn ERESOLVE       name: '@typescript-eslint/tsconfig-utils',
22 warn ERESOLVE       version: '8.37.0',
22 warn ERESOLVE       location: 'node_modules/@typescript-eslint/tsconfig-utils',
22 warn ERESOLVE       isWorkspace: false,
22 warn ERESOLVE       dependents: [Array]
22 warn ERESOLVE     }
22 warn ERESOLVE   },
22 warn ERESOLVE   dep: {
22 warn ERESOLVE     name: 'typescript',
22 warn ERESOLVE     version: '5.8.3',
22 warn ERESOLVE     whileInstalling: {
22 warn ERESOLVE       name: '@typescript-eslint/tsconfig-utils',
22 warn ERESOLVE       version: '8.37.0',
22 warn ERESOLVE       path: 'D:\\project\\callify\\call_me-main\\call\\frontend\\node_modules\\@typescript-eslint\\tsconfig-utils'
22 warn ERESOLVE     },
22 warn ERESOLVE     location: 'node_modules/typescript',
22 warn ERESOLVE     isWorkspace: false,
22 warn ERESOLVE     dependents: [ [Object] ]
22 warn ERESOLVE   },
22 warn ERESOLVE   force: false,
22 warn ERESOLVE   isMine: false,
22 warn ERESOLVE   strictPeerDeps: false,
22 warn ERESOLVE   current: {
22 warn ERESOLVE     name: 'typescript',
22 warn ERESOLVE     version: '5.9.2',
22 warn ERESOLVE     location: 'node_modules/typescript',
22 warn ERESOLVE     isWorkspace: false,
22 warn ERESOLVE     dependents: [ [Object], [Object], [Object] ]
22 warn ERESOLVE   },
22 warn ERESOLVE   peerConflict: {
22 warn ERESOLVE     current: {
22 warn ERESOLVE       name: 'typescript',
22 warn ERESOLVE       version: '5.9.2',
22 warn ERESOLVE       location: 'node_modules/typescript',
22 warn ERESOLVE       isWorkspace: false,
22 warn ERESOLVE       dependents: [Array]
22 warn ERESOLVE     },
22 warn ERESOLVE     peer: {
22 warn ERESOLVE       name: 'typescript',
22 warn ERESOLVE       version: '5.8.3',
22 warn ERESOLVE       whileInstalling: [Object],
22 warn ERESOLVE       location: 'node_modules/typescript',
22 warn ERESOLVE       isWorkspace: false,
22 warn ERESOLVE       dependents: [Array]
22 warn ERESOLVE     }
22 warn ERESOLVE   }
22 warn ERESOLVE }
23 warn ERESOLVE overriding peer dependency {
23 warn ERESOLVE   code: 'ERESOLVE',
23 warn ERESOLVE   edge: {
23 warn ERESOLVE     type: 'peer',
23 warn ERESOLVE     name: 'typescript',
23 warn ERESOLVE     spec: '>=4.8.4 <5.9.0',
23 warn ERESOLVE     error: 'INVALID',
23 warn ERESOLVE     from: {
23 warn ERESOLVE       name: '@typescript-eslint/type-utils',
23 warn ERESOLVE       version: '8.37.0',
23 warn ERESOLVE       location: 'node_modules/@typescript-eslint/type-utils',
23 warn ERESOLVE       isWorkspace: false,
23 warn ERESOLVE       dependents: [Array]
23 warn ERESOLVE     }
23 warn ERESOLVE   },
23 warn ERESOLVE   dep: {
23 warn ERESOLVE     name: 'typescript',
23 warn ERESOLVE     version: '5.8.3',
23 warn ERESOLVE     whileInstalling: {
23 warn ERESOLVE       name: '@typescript-eslint/type-utils',
23 warn ERESOLVE       version: '8.37.0',
23 warn ERESOLVE       path: 'D:\\project\\callify\\call_me-main\\call\\frontend\\node_modules\\@typescript-eslint\\type-utils'
23 warn ERESOLVE     },
23 warn ERESOLVE     location: 'node_modules/typescript',
23 warn ERESOLVE     isWorkspace: false,
23 warn ERESOLVE     dependents: [ [Object] ]
23 warn ERESOLVE   },
23 warn ERESOLVE   force: false,
23 warn ERESOLVE   isMine: false,
23 warn ERESOLVE   strictPeerDeps: false,
23 warn ERESOLVE   current: {
23 warn ERESOLVE     name: 'typescript',
23 warn ERESOLVE     version: '5.9.2',
23 warn ERESOLVE     location: 'node_modules/typescript',
23 warn ERESOLVE     isWorkspace: false,
23 warn ERESOLVE     dependents: [ [Object], [Object], [Object] ]
23 warn ERESOLVE   },
23 warn ERESOLVE   peerConflict: {
23 warn ERESOLVE     current: {
23 warn ERESOLVE       name: 'typescript',
23 warn ERESOLVE       version: '5.9.2',
23 warn ERESOLVE       location: 'node_modules/typescript',
23 warn ERESOLVE       isWorkspace: false,
23 warn ERESOLVE       dependents: [Array]
23 warn ERESOLVE     },
23 warn ERESOLVE     peer: {
23 warn ERESOLVE       name: 'typescript',
23 warn ERESOLVE       version: '5.8.3',
23 warn ERESOLVE       whileInstalling: [Object],
23 warn ERESOLVE       location: 'node_modules/typescript',
23 warn ERESOLVE       isWorkspace: false,
23 warn ERESOLVE       dependents: [Array]
23 warn ERESOLVE     }
23 warn ERESOLVE   }
23 warn ERESOLVE }
24 warn ERESOLVE overriding peer dependency {
24 warn ERESOLVE   code: 'ERESOLVE',
24 warn ERESOLVE   edge: {
24 warn ERESOLVE     type: 'peer',
24 warn ERESOLVE     name: 'typescript',
24 warn ERESOLVE     spec: '>=4.8.4 <5.9.0',
24 warn ERESOLVE     error: 'INVALID',
24 warn ERESOLVE     from: {
24 warn ERESOLVE       name: '@typescript-eslint/typescript-estree',
24 warn ERESOLVE       version: '8.37.0',
24 warn ERESOLVE       location: 'node_modules/@typescript-eslint/typescript-estree',
24 warn ERESOLVE       isWorkspace: false,
24 warn ERESOLVE       dependents: [Array]
24 warn ERESOLVE     }
24 warn ERESOLVE   },
24 warn ERESOLVE   dep: {
24 warn ERESOLVE     name: 'typescript',
24 warn ERESOLVE     version: '5.8.3',
24 warn ERESOLVE     whileInstalling: {
24 warn ERESOLVE       name: '@typescript-eslint/typescript-estree',
24 warn ERESOLVE       version: '8.37.0',
24 warn ERESOLVE       path: 'D:\\project\\callify\\call_me-main\\call\\frontend\\node_modules\\@typescript-eslint\\typescript-estree'
24 warn ERESOLVE     },
24 warn ERESOLVE     location: 'node_modules/typescript',
24 warn ERESOLVE     isWorkspace: false,
24 warn ERESOLVE     dependents: [ [Object] ]
24 warn ERESOLVE   },
24 warn ERESOLVE   force: false,
24 warn ERESOLVE   isMine: false,
24 warn ERESOLVE   strictPeerDeps: false,
24 warn ERESOLVE   current: {
24 warn ERESOLVE     name: 'typescript',
24 warn ERESOLVE     version: '5.9.2',
24 warn ERESOLVE     location: 'node_modules/typescript',
24 warn ERESOLVE     isWorkspace: false,
24 warn ERESOLVE     dependents: [ [Object], [Object], [Object] ]
24 warn ERESOLVE   },
24 warn ERESOLVE   peerConflict: {
24 warn ERESOLVE     current: {
24 warn ERESOLVE       name: 'typescript',
24 warn ERESOLVE       version: '5.9.2',
24 warn ERESOLVE       location: 'node_modules/typescript',
24 warn ERESOLVE       isWorkspace: false,
24 warn ERESOLVE       dependents: [Array]
24 warn ERESOLVE     },
24 warn ERESOLVE     peer: {
24 warn ERESOLVE       name: 'typescript',
24 warn ERESOLVE       version: '5.8.3',
24 warn ERESOLVE       whileInstalling: [Object],
24 warn ERESOLVE       location: 'node_modules/typescript',
24 warn ERESOLVE       isWorkspace: false,
24 warn ERESOLVE       dependents: [Array]
24 warn ERESOLVE     }
24 warn ERESOLVE   }
24 warn ERESOLVE }
25 warn ERESOLVE overriding peer dependency {
25 warn ERESOLVE   code: 'ERESOLVE',
25 warn ERESOLVE   edge: {
25 warn ERESOLVE     type: 'peer',
25 warn ERESOLVE     name: 'typescript',
25 warn ERESOLVE     spec: '>=4.8.4 <5.9.0',
25 warn ERESOLVE     error: 'INVALID',
25 warn ERESOLVE     from: {
25 warn ERESOLVE       name: '@typescript-eslint/utils',
25 warn ERESOLVE       version: '8.37.0',
25 warn ERESOLVE       location: 'node_modules/@typescript-eslint/utils',
25 warn ERESOLVE       isWorkspace: false,
25 warn ERESOLVE       dependents: [Array]
25 warn ERESOLVE     }
25 warn ERESOLVE   },
25 warn ERESOLVE   dep: {
25 warn ERESOLVE     name: 'typescript',
25 warn ERESOLVE     version: '5.8.3',
25 warn ERESOLVE     whileInstalling: {
25 warn ERESOLVE       name: '@typescript-eslint/utils',
25 warn ERESOLVE       version: '8.37.0',
25 warn ERESOLVE       path: 'D:\\project\\callify\\call_me-main\\call\\frontend\\node_modules\\@typescript-eslint\\utils'
25 warn ERESOLVE     },
25 warn ERESOLVE     location: 'node_modules/typescript',
25 warn ERESOLVE     isWorkspace: false,
25 warn ERESOLVE     dependents: [ [Object] ]
25 warn ERESOLVE   },
25 warn ERESOLVE   force: false,
25 warn ERESOLVE   isMine: false,
25 warn ERESOLVE   strictPeerDeps: false,
25 warn ERESOLVE   current: {
25 warn ERESOLVE     name: 'typescript',
25 warn ERESOLVE     version: '5.9.2',
25 warn ERESOLVE     location: 'node_modules/typescript',
25 warn ERESOLVE     isWorkspace: false,
25 warn ERESOLVE     dependents: [ [Object], [Object], [Object] ]
25 warn ERESOLVE   },
25 warn ERESOLVE   peerConflict: {
25 warn ERESOLVE     current: {
25 warn ERESOLVE       name: 'typescript',
25 warn ERESOLVE       version: '5.9.2',
25 warn ERESOLVE       location: 'node_modules/typescript',
25 warn ERESOLVE       isWorkspace: false,
25 warn ERESOLVE       dependents: [Array]
25 warn ERESOLVE     },
25 warn ERESOLVE     peer: {
25 warn ERESOLVE       name: 'typescript',
25 warn ERESOLVE       version: '5.8.3',
25 warn ERESOLVE       whileInstalling: [Object],
25 warn ERESOLVE       location: 'node_modules/typescript',
25 warn ERESOLVE       isWorkspace: false,
25 warn ERESOLVE       dependents: [Array]
25 warn ERESOLVE     }
25 warn ERESOLVE   }
25 warn ERESOLVE }
26 silly reify moves {}
27 verbose reify failed optional dependency D:\project\callify\call_me-main\call\frontend\node_modules\@tailwindcss\oxide-wasm32-wasi
28 silly reify mark deleted [
28 silly reify   'D:\\project\\callify\\call_me-main\\call\\frontend\\node_modules\\@tailwindcss\\oxide-wasm32-wasi'
28 silly reify ]
29 silly audit bulk request {
29 silly audit   '@alloc/quick-lru': [ '5.2.0' ],
29 silly audit   '@ampproject/remapping': [ '2.3.0' ],
29 silly audit   '@babel/runtime': [ '7.27.6' ],
29 silly audit   '@dnd-kit/accessibility': [ '3.1.1' ],
29 silly audit   '@dnd-kit/core': [ '6.3.1' ],
29 silly audit   '@dnd-kit/modifiers': [ '9.0.0' ],
29 silly audit   '@dnd-kit/sortable': [ '10.0.0' ],
29 silly audit   '@dnd-kit/utilities': [ '3.2.2' ],
29 silly audit   '@emnapi/core': [ '1.4.4' ],
29 silly audit   '@emnapi/runtime': [ '1.4.4' ],
29 silly audit   '@emnapi/wasi-threads': [ '1.0.3' ],
29 silly audit   '@eslint-community/eslint-utils': [ '4.7.0' ],
29 silly audit   'eslint-visitor-keys': [ '3.4.3', '4.2.1' ],
29 silly audit   '@eslint-community/regexpp': [ '4.12.1' ],
29 silly audit   '@eslint/config-array': [ '0.21.0' ],
29 silly audit   '@eslint/config-helpers': [ '0.3.0' ],
29 silly audit   '@eslint/core': [ '0.15.1' ],
29 silly audit   '@eslint/eslintrc': [ '3.3.1' ],
29 silly audit   '@eslint/js': [ '9.31.0' ],
29 silly audit   '@eslint/object-schema': [ '2.1.6' ],
29 silly audit   '@eslint/plugin-kit': [ '0.3.3' ],
29 silly audit   '@floating-ui/core': [ '1.7.2' ],
29 silly audit   '@floating-ui/dom': [ '1.7.2' ],
29 silly audit   '@floating-ui/react-dom': [ '2.1.4' ],
29 silly audit   '@floating-ui/utils': [ '0.2.10' ],
29 silly audit   '@hookform/resolvers': [ '5.1.1' ],
29 silly audit   '@humanfs/core': [ '0.19.1' ],
29 silly audit   '@humanfs/node': [ '0.16.6' ],
29 silly audit   '@humanwhocodes/retry': [ '0.3.1', '0.4.3' ],
29 silly audit   '@humanwhocodes/module-importer': [ '1.0.1' ],
29 silly audit   '@img/sharp-darwin-arm64': [ '0.34.3' ],
29 silly audit   '@img/sharp-darwin-x64': [ '0.34.3' ],
29 silly audit   '@img/sharp-libvips-darwin-arm64': [ '1.2.0' ],
29 silly audit   '@img/sharp-libvips-darwin-x64': [ '1.2.0' ],
29 silly audit   '@img/sharp-libvips-linux-arm': [ '1.2.0' ],
29 silly audit   '@img/sharp-libvips-linux-arm64': [ '1.2.0' ],
29 silly audit   '@img/sharp-libvips-linux-ppc64': [ '1.2.0' ],
29 silly audit   '@img/sharp-libvips-linux-s390x': [ '1.2.0' ],
29 silly audit   '@img/sharp-libvips-linux-x64': [ '1.2.0' ],
29 silly audit   '@img/sharp-libvips-linuxmusl-arm64': [ '1.2.0' ],
29 silly audit   '@img/sharp-libvips-linuxmusl-x64': [ '1.2.0' ],
29 silly audit   '@img/sharp-linux-arm': [ '0.34.3' ],
29 silly audit   '@img/sharp-linux-arm64': [ '0.34.3' ],
29 silly audit   '@img/sharp-linux-ppc64': [ '0.34.3' ],
29 silly audit   '@img/sharp-linux-s390x': [ '0.34.3' ],
29 silly audit   '@img/sharp-linux-x64': [ '0.34.3' ],
29 silly audit   '@img/sharp-linuxmusl-arm64': [ '0.34.3' ],
29 silly audit   '@img/sharp-linuxmusl-x64': [ '0.34.3' ],
29 silly audit   '@img/sharp-wasm32': [ '0.34.3' ],
29 silly audit   '@img/sharp-win32-arm64': [ '0.34.3' ],
29 silly audit   '@img/sharp-win32-ia32': [ '0.34.3' ],
29 silly audit   '@img/sharp-win32-x64': [ '0.34.3' ],
29 silly audit   '@isaacs/fs-minipass': [ '4.0.1' ],
29 silly audit   '@jridgewell/gen-mapping': [ '0.3.12' ],
29 silly audit   '@jridgewell/resolve-uri': [ '3.1.2' ],
29 silly audit   '@jridgewell/sourcemap-codec': [ '1.5.4' ],
29 silly audit   '@jridgewell/trace-mapping': [ '0.3.29' ],
29 silly audit   '@napi-rs/wasm-runtime': [ '0.2.12' ],
29 silly audit   '@next/env': [ '15.4.1' ],
29 silly audit   '@next/eslint-plugin-next': [ '15.4.1' ],
29 silly audit   '@next/swc-darwin-arm64': [ '15.4.1' ],
29 silly audit   '@next/swc-darwin-x64': [ '15.4.1' ],
29 silly audit   '@next/swc-linux-arm64-gnu': [ '15.4.1' ],
29 silly audit   '@next/swc-linux-arm64-musl': [ '15.4.1' ],
29 silly audit   '@next/swc-linux-x64-gnu': [ '15.4.1' ],
29 silly audit   '@next/swc-linux-x64-musl': [ '15.4.1' ],
29 silly audit   '@next/swc-win32-arm64-msvc': [ '15.4.1' ],
29 silly audit   '@next/swc-win32-x64-msvc': [ '15.4.1' ],
29 silly audit   '@nodelib/fs.scandir': [ '2.1.5' ],
29 silly audit   '@nodelib/fs.stat': [ '2.0.5' ],
29 silly audit   '@nodelib/fs.walk': [ '1.2.8' ],
29 silly audit   '@nolyfill/is-core-module': [ '1.0.39' ],
29 silly audit   '@radix-ui/number': [ '1.1.1' ],
29 silly audit   '@radix-ui/primitive': [ '1.1.2' ],
29 silly audit   '@radix-ui/react-arrow': [ '1.1.7' ],
29 silly audit   '@radix-ui/react-avatar': [ '1.1.10' ],
29 silly audit   '@radix-ui/react-checkbox': [ '1.3.2' ],
29 silly audit   '@radix-ui/react-collection': [ '1.1.7' ],
29 silly audit   '@radix-ui/react-compose-refs': [ '1.1.2' ],
29 silly audit   '@radix-ui/react-context': [ '1.1.2' ],
29 silly audit   '@radix-ui/react-dialog': [ '1.1.14' ],
29 silly audit   '@radix-ui/react-direction': [ '1.1.1' ],
29 silly audit   '@radix-ui/react-dismissable-layer': [ '1.1.10' ],
29 silly audit   '@radix-ui/react-dropdown-menu': [ '2.1.15' ],
29 silly audit   '@radix-ui/react-focus-guards': [ '1.1.2' ],
29 silly audit   '@radix-ui/react-focus-scope': [ '1.1.7' ],
29 silly audit   '@radix-ui/react-id': [ '1.1.1' ],
29 silly audit   '@radix-ui/react-label': [ '2.1.7' ],
29 silly audit   '@radix-ui/react-menu': [ '2.1.15' ],
29 silly audit   '@radix-ui/react-popper': [ '1.2.7' ],
29 silly audit   '@radix-ui/react-portal': [ '1.1.9' ],
29 silly audit   '@radix-ui/react-presence': [ '1.1.4' ],
29 silly audit   '@radix-ui/react-primitive': [ '2.1.3' ],
29 silly audit   '@radix-ui/react-roving-focus': [ '1.1.10' ],
29 silly audit   '@radix-ui/react-scroll-area': [ '1.2.9' ],
29 silly audit   '@radix-ui/react-select': [ '2.2.5' ],
29 silly audit   '@radix-ui/react-separator': [ '1.1.7' ],
29 silly audit   '@radix-ui/react-slider': [ '1.3.5' ],
29 silly audit   '@radix-ui/react-slot': [ '1.2.3' ],
29 silly audit   '@radix-ui/react-switch': [ '1.2.5' ],
29 silly audit   '@radix-ui/react-tabs': [ '1.1.12' ],
29 silly audit   '@radix-ui/react-toggle': [ '1.1.9' ],
29 silly audit   '@radix-ui/react-toggle-group': [ '1.1.10' ],
29 silly audit   '@radix-ui/react-tooltip': [ '1.2.7' ],
29 silly audit   '@radix-ui/react-use-callback-ref': [ '1.1.1' ],
29 silly audit   '@radix-ui/react-use-controllable-state': [ '1.2.2' ],
29 silly audit   '@radix-ui/react-use-effect-event': [ '0.0.2' ],
29 silly audit   '@radix-ui/react-use-escape-keydown': [ '1.1.1' ],
29 silly audit   '@radix-ui/react-use-is-hydrated': [ '0.1.0' ],
29 silly audit   '@radix-ui/react-use-layout-effect': [ '1.1.1' ],
29 silly audit   '@radix-ui/react-use-previous': [ '1.1.1' ],
29 silly audit   '@radix-ui/react-use-rect': [ '1.1.1' ],
29 silly audit   '@radix-ui/react-use-size': [ '1.1.1' ],
29 silly audit   '@radix-ui/react-visually-hidden': [ '1.2.3' ],
29 silly audit   '@radix-ui/rect': [ '1.1.1' ],
29 silly audit   '@rtsao/scc': [ '1.1.0' ],
29 silly audit   '@rushstack/eslint-patch': [ '1.12.0' ],
29 silly audit   '@splinetool/react-spline': [ '4.1.0' ],
29 silly audit   '@splinetool/runtime': [ '1.12.70' ],
29 silly audit   '@standard-schema/utils': [ '0.3.0' ],
29 silly audit   '@swc/helpers': [ '0.5.15' ],
29 silly audit   '@tabler/icons': [ '3.34.0' ],
29 silly audit   '@tabler/icons-react': [ '3.34.0' ],
29 silly audit   '@tailwindcss/node': [ '4.1.11' ],
29 silly audit   '@tailwindcss/oxide': [ '4.1.11' ],
29 silly audit   '@tailwindcss/oxide-android-arm64': [ '4.1.11' ],
29 silly audit   '@tailwindcss/oxide-darwin-arm64': [ '4.1.11' ],
29 silly audit   '@tailwindcss/oxide-darwin-x64': [ '4.1.11' ],
29 silly audit   '@tailwindcss/oxide-freebsd-x64': [ '4.1.11' ],
29 silly audit   '@tailwindcss/oxide-linux-arm-gnueabihf': [ '4.1.11' ],
29 silly audit   '@tailwindcss/oxide-linux-arm64-gnu': [ '4.1.11' ],
29 silly audit   '@tailwindcss/oxide-linux-arm64-musl': [ '4.1.11' ],
29 silly audit   '@tailwindcss/oxide-linux-x64-gnu': [ '4.1.11' ],
29 silly audit   '@tailwindcss/oxide-linux-x64-musl': [ '4.1.11' ],
29 silly audit   '@tailwindcss/oxide-win32-arm64-msvc': [ '4.1.11' ],
29 silly audit   '@tailwindcss/oxide-win32-x64-msvc': [ '4.1.11' ],
29 silly audit   '@tailwindcss/postcss': [ '4.1.11' ],
29 silly audit   '@tanstack/query-core': [ '5.83.0' ],
29 silly audit   '@tanstack/react-query': [ '5.83.0' ],
29 silly audit   '@tanstack/react-table': [ '8.21.3' ],
29 silly audit   '@tanstack/table-core': [ '8.21.3' ],
29 silly audit   '@tybys/wasm-util': [ '0.10.0' ],
29 silly audit   '@types/d3-array': [ '3.2.1' ],
29 silly audit   '@types/d3-color': [ '3.1.3' ],
29 silly audit   '@types/d3-ease': [ '3.0.2' ],
29 silly audit   '@types/d3-interpolate': [ '3.0.4' ],
29 silly audit   '@types/d3-path': [ '3.1.1' ],
29 silly audit   '@types/d3-scale': [ '4.0.9' ],
29 silly audit   '@types/d3-shape': [ '3.1.7' ],
29 silly audit   '@types/d3-time': [ '3.0.4' ],
29 silly audit   '@types/d3-timer': [ '3.0.2' ],
29 silly audit   '@types/estree': [ '1.0.8' ],
29 silly audit   '@types/json-schema': [ '7.0.15' ],
29 silly audit   '@types/json5': [ '0.0.29' ],
29 silly audit   '@types/node': [ '20.19.9' ],
29 silly audit   '@types/react': [ '19.1.9' ],
29 silly audit   '@types/react-dom': [ '19.1.6' ],
29 silly audit   '@typescript-eslint/eslint-plugin': [ '8.37.0' ],
29 silly audit   ignore: [ '7.0.5', '5.3.2' ],
29 silly audit   '@typescript-eslint/parser': [ '8.37.0' ],
29 silly audit   '@typescript-eslint/project-service': [ '8.37.0' ],
29 silly audit   '@typescript-eslint/scope-manager': [ '8.37.0' ],
29 silly audit   '@typescript-eslint/tsconfig-utils': [ '8.37.0' ],
29 silly audit   '@typescript-eslint/type-utils': [ '8.37.0' ],
29 silly audit   '@typescript-eslint/types': [ '8.37.0' ],
29 silly audit   '@typescript-eslint/typescript-estree': [ '8.37.0' ],
29 silly audit   'brace-expansion': [ '2.0.2', '1.1.12' ],
29 silly audit   'fast-glob': [ '3.3.3', '3.3.1' ],
29 silly audit   'glob-parent': [ '5.1.2', '6.0.2' ],
29 silly audit   minimatch: [ '9.0.5', '3.1.2' ],
29 silly audit   '@typescript-eslint/utils': [ '8.37.0' ],
29 silly audit   '@typescript-eslint/visitor-keys': [ '8.37.0' ],
29 silly audit   '@unrs/resolver-binding-android-arm-eabi': [ '1.11.1' ],
29 silly audit   '@unrs/resolver-binding-android-arm64': [ '1.11.1' ],
29 silly audit   '@unrs/resolver-binding-darwin-arm64': [ '1.11.1' ],
29 silly audit   '@unrs/resolver-binding-darwin-x64': [ '1.11.1' ],
29 silly audit   '@unrs/resolver-binding-freebsd-x64': [ '1.11.1' ],
29 silly audit   '@unrs/resolver-binding-linux-arm-gnueabihf': [ '1.11.1' ],
29 silly audit   '@unrs/resolver-binding-linux-arm-musleabihf': [ '1.11.1' ],
29 silly audit   '@unrs/resolver-binding-linux-arm64-gnu': [ '1.11.1' ],
29 silly audit   '@unrs/resolver-binding-linux-arm64-musl': [ '1.11.1' ],
29 silly audit   '@unrs/resolver-binding-linux-ppc64-gnu': [ '1.11.1' ],
29 silly audit   '@unrs/resolver-binding-linux-riscv64-gnu': [ '1.11.1' ],
29 silly audit   '@unrs/resolver-binding-linux-riscv64-musl': [ '1.11.1' ],
29 silly audit   '@unrs/resolver-binding-linux-s390x-gnu': [ '1.11.1' ],
29 silly audit   '@unrs/resolver-binding-linux-x64-gnu': [ '1.11.1' ],
29 silly audit   '@unrs/resolver-binding-linux-x64-musl': [ '1.11.1' ],
29 silly audit   '@unrs/resolver-binding-wasm32-wasi': [ '1.11.1' ],
29 silly audit   '@unrs/resolver-binding-win32-arm64-msvc': [ '1.11.1' ],
29 silly audit   '@unrs/resolver-binding-win32-ia32-msvc': [ '1.11.1' ],
29 silly audit   '@unrs/resolver-binding-win32-x64-msvc': [ '1.11.1' ],
29 silly audit   acorn: [ '8.15.0' ],
29 silly audit   'acorn-jsx': [ '5.3.2' ],
29 silly audit   ajv: [ '6.12.6' ],
29 silly audit   'ansi-styles': [ '4.3.0' ],
29 silly audit   argparse: [ '2.0.1' ],
29 silly audit   'aria-hidden': [ '1.2.6' ],
29 silly audit   'aria-query': [ '5.3.2' ],
29 silly audit   'array-buffer-byte-length': [ '1.0.2' ],
29 silly audit   'array-includes': [ '3.1.9' ],
29 silly audit   'array.prototype.findlast': [ '1.2.5' ],
29 silly audit   'array.prototype.findlastindex': [ '1.2.6' ],
29 silly audit   'array.prototype.flat': [ '1.3.3' ],
29 silly audit   'array.prototype.flatmap': [ '1.3.3' ],
29 silly audit   'array.prototype.tosorted': [ '1.1.4' ],
29 silly audit   'arraybuffer.prototype.slice': [ '1.0.4' ],
29 silly audit   'ast-types-flow': [ '0.0.8' ],
29 silly audit   'async-function': [ '1.0.0' ],
29 silly audit   asynckit: [ '0.4.0' ],
29 silly audit   'available-typed-arrays': [ '1.0.7' ],
29 silly audit   'axe-core': [ '4.10.3' ],
29 silly audit   axios: [ '1.10.0' ],
29 silly audit   'axobject-query': [ '4.1.0' ],
29 silly audit   'balanced-match': [ '1.0.2' ],
29 silly audit   blurhash: [ '2.0.5' ],
29 silly audit   braces: [ '3.0.3' ],
29 silly audit   'call-bind': [ '1.0.8' ],
29 silly audit   'call-bind-apply-helpers': [ '1.0.2' ],
29 silly audit   'call-bound': [ '1.0.4' ],
29 silly audit   callsites: [ '3.1.0' ],
29 silly audit   'caniuse-lite': [ '1.0.30001727' ],
29 silly audit   chalk: [ '4.1.2' ],
29 silly audit   chownr: [ '3.0.0' ],
29 silly audit   'class-variance-authority': [ '0.7.1' ],
29 silly audit   'client-only': [ '0.0.1' ],
29 silly audit   clsx: [ '2.1.1' ],
29 silly audit   color: [ '4.2.3' ],
29 silly audit   'color-convert': [ '2.0.1' ],
29 silly audit   'color-name': [ '1.1.4' ],
29 silly audit   'color-string': [ '1.9.1' ],
29 silly audit   'combined-stream': [ '1.0.8' ],
29 silly audit   'concat-map': [ '0.0.1' ],
29 silly audit   cookie: [ '1.0.2' ],
29 silly audit   'cross-spawn': [ '7.0.6' ],
29 silly audit   csstype: [ '3.1.3' ],
29 silly audit   'd3-array': [ '3.2.4' ],
29 silly audit   'd3-color': [ '3.1.0' ],
29 silly audit   'd3-ease': [ '3.0.1' ],
29 silly audit   'd3-format': [ '3.1.0' ],
29 silly audit   'd3-interpolate': [ '3.0.1' ],
29 silly audit   'd3-path': [ '3.1.0' ],
29 silly audit   'd3-scale': [ '4.0.2' ],
29 silly audit   'd3-shape': [ '3.2.0' ],
29 silly audit   'd3-time': [ '3.1.0' ],
29 silly audit   'd3-time-format': [ '4.1.0' ],
29 silly audit   'd3-timer': [ '3.0.1' ],
29 silly audit   'damerau-levenshtein': [ '1.0.8' ],
29 silly audit   'data-view-buffer': [ '1.0.2' ],
29 silly audit   'data-view-byte-length': [ '1.0.2' ],
29 silly audit   'data-view-byte-offset': [ '1.0.1' ],
29 silly audit   'date-fns': [ '4.1.0' ],
29 silly audit   debug: [ '4.4.1', '3.2.7' ],
29 silly audit   'decimal.js-light': [ '2.5.1' ],
29 silly audit   'deep-is': [ '0.1.4' ],
29 silly audit   'define-data-property': [ '1.1.4' ],
29 silly audit   'define-properties': [ '1.2.1' ],
29 silly audit   'delayed-stream': [ '1.0.0' ],
29 silly audit   'detect-libc': [ '2.0.4' ],
29 silly audit   'detect-node-es': [ '1.1.0' ],
29 silly audit   doctrine: [ '2.1.0' ],
29 silly audit   'dom-helpers': [ '5.2.1' ],
29 silly audit   'dunder-proto': [ '1.0.1' ],
29 silly audit   'emoji-regex': [ '9.2.2' ],
29 silly audit   'enhanced-resolve': [ '5.18.2' ],
29 silly audit   'es-abstract': [ '1.24.0' ],
29 silly audit   'es-define-property': [ '1.0.1' ],
29 silly audit   'es-errors': [ '1.3.0' ],
29 silly audit   'es-iterator-helpers': [ '1.2.1' ],
29 silly audit   'es-object-atoms': [ '1.1.1' ],
29 silly audit   'es-set-tostringtag': [ '2.1.0' ],
29 silly audit   'es-shim-unscopables': [ '1.1.0' ],
29 silly audit   'es-to-primitive': [ '1.3.0' ],
29 silly audit   'escape-string-regexp': [ '4.0.0' ],
29 silly audit   eslint: [ '9.31.0' ],
29 silly audit   'eslint-config-next': [ '15.4.1' ],
29 silly audit   'eslint-import-resolver-node': [ '0.3.9' ],
29 silly audit   'eslint-import-resolver-typescript': [ '3.10.1' ],
29 silly audit   'eslint-module-utils': [ '2.12.1' ],
29 silly audit   'eslint-plugin-import': [ '2.32.0' ],
29 silly audit   semver: [ '6.3.1', '7.7.2' ],
29 silly audit   'eslint-plugin-jsx-a11y': [ '6.10.2' ],
29 silly audit   'eslint-plugin-react': [ '7.37.5' ],
29 silly audit   'eslint-plugin-react-hooks': [ '5.2.0' ],
29 silly audit   resolve: [ '2.0.0-next.5', '1.22.10' ],
29 silly audit   'eslint-scope': [ '8.4.0' ],
29 silly audit   espree: [ '10.4.0' ],
29 silly audit   esquery: [ '1.6.0' ],
29 silly audit   esrecurse: [ '4.3.0' ],
29 silly audit   estraverse: [ '5.3.0' ],
29 silly audit   esutils: [ '2.0.3' ],
29 silly audit   eventemitter3: [ '4.0.7' ],
29 silly audit   'fast-deep-equal': [ '3.1.3' ],
29 silly audit   'fast-equals': [ '5.2.2' ],
29 silly audit   'fast-json-stable-stringify': [ '2.1.0' ],
29 silly audit   'fast-levenshtein': [ '2.0.6' ],
29 silly audit   fastq: [ '1.19.1' ],
29 silly audit   'file-entry-cache': [ '8.0.0' ],
29 silly audit   'fill-range': [ '7.1.1' ],
29 silly audit   'find-up': [ '5.0.0' ],
29 silly audit   'flat-cache': [ '4.0.1' ],
29 silly audit   flatted: [ '3.3.3' ],
29 silly audit   'follow-redirects': [ '1.15.9' ],
29 silly audit   'for-each': [ '0.3.5' ],
29 silly audit   'form-data': [ '4.0.4' ],
29 silly audit   'framer-motion': [ '12.23.6' ],
29 silly audit   'function-bind': [ '1.1.2' ],
29 silly audit   'function.prototype.name': [ '1.1.8' ],
29 silly audit   'functions-have-names': [ '1.2.3' ],
29 silly audit   'get-intrinsic': [ '1.3.0' ],
29 silly audit   'get-nonce': [ '1.0.1' ],
29 silly audit   'get-proto': [ '1.0.1' ],
29 silly audit   'get-symbol-description': [ '1.1.0' ],
29 silly audit   'get-tsconfig': [ '4.10.1' ],
29 silly audit   globals: [ '14.0.0' ],
29 silly audit   globalthis: [ '1.0.4' ],
29 silly audit   gopd: [ '1.2.0' ],
29 silly audit   'graceful-fs': [ '4.2.11' ],
29 silly audit   graphemer: [ '1.4.0' ],
29 silly audit   'has-bigints': [ '1.1.0' ],
29 silly audit   'has-flag': [ '4.0.0' ],
29 silly audit   'has-property-descriptors': [ '1.0.2' ],
29 silly audit   'has-proto': [ '1.2.0' ],
29 silly audit   'has-symbols': [ '1.1.0' ],
29 silly audit   'has-tostringtag': [ '1.0.2' ],
29 silly audit   hasown: [ '2.0.2' ],
29 silly audit   'import-fresh': [ '3.3.1' ],
29 silly audit   imurmurhash: [ '0.1.4' ],
29 silly audit   'internal-slot': [ '1.1.0' ],
29 silly audit   internmap: [ '2.0.3' ],
29 silly audit   'is-array-buffer': [ '3.0.5' ],
29 silly audit   'is-arrayish': [ '0.3.2' ],
29 silly audit   'is-async-function': [ '2.1.1' ],
29 silly audit   'is-bigint': [ '1.1.0' ],
29 silly audit   'is-boolean-object': [ '1.2.2' ],
29 silly audit   'is-bun-module': [ '2.0.0' ],
29 silly audit   'is-callable': [ '1.2.7' ],
29 silly audit   'is-core-module': [ '2.16.1' ],
29 silly audit   'is-data-view': [ '1.0.2' ],
29 silly audit   'is-date-object': [ '1.1.0' ],
29 silly audit   'is-extglob': [ '2.1.1' ],
29 silly audit   'is-finalizationregistry': [ '1.1.1' ],
29 silly audit   'is-generator-function': [ '1.1.0' ],
29 silly audit   'is-glob': [ '4.0.3' ],
29 silly audit   'is-map': [ '2.0.3' ],
29 silly audit   'is-negative-zero': [ '2.0.3' ],
29 silly audit   'is-number': [ '7.0.0' ],
29 silly audit   'is-number-object': [ '1.1.1' ],
29 silly audit   'is-regex': [ '1.2.1' ],
29 silly audit   'is-set': [ '2.0.3' ],
29 silly audit   'is-shared-array-buffer': [ '1.0.4' ],
29 silly audit   'is-string': [ '1.1.1' ],
29 silly audit   'is-symbol': [ '1.1.1' ],
29 silly audit   'is-typed-array': [ '1.1.15' ],
29 silly audit   'is-weakmap': [ '2.0.2' ],
29 silly audit   'is-weakref': [ '1.1.1' ],
29 silly audit   'is-weakset': [ '2.0.4' ],
29 silly audit   isarray: [ '2.0.5' ],
29 silly audit   isexe: [ '2.0.0' ],
29 silly audit   'iterator.prototype': [ '1.1.5' ],
29 silly audit   jiti: [ '2.4.2' ],
29 silly audit   'js-tokens': [ '4.0.0' ],
29 silly audit   'js-yaml': [ '4.1.0' ],
29 silly audit   'json-buffer': [ '3.0.1' ],
29 silly audit   'json-schema-traverse': [ '0.4.1' ],
29 silly audit   'json-stable-stringify-without-jsonify': [ '1.0.1' ],
29 silly audit   json5: [ '1.0.2' ],
29 silly audit   'jsx-ast-utils': [ '3.3.5' ],
29 silly audit   keyv: [ '4.5.4' ],
29 silly audit   'language-subtag-registry': [ '0.3.23' ],
29 silly audit   'language-tags': [ '1.0.9' ],
29 silly audit   levn: [ '0.4.1' ],
29 silly audit   lightningcss: [ '1.30.1' ],
29 silly audit   'lightningcss-darwin-arm64': [ '1.30.1' ],
29 silly audit   'lightningcss-darwin-x64': [ '1.30.1' ],
29 silly audit   'lightningcss-freebsd-x64': [ '1.30.1' ],
29 silly audit   'lightningcss-linux-arm-gnueabihf': [ '1.30.1' ],
29 silly audit   'lightningcss-linux-arm64-gnu': [ '1.30.1' ],
29 silly audit   'lightningcss-linux-arm64-musl': [ '1.30.1' ],
29 silly audit   'lightningcss-linux-x64-gnu': [ '1.30.1' ],
29 silly audit   'lightningcss-linux-x64-musl': [ '1.30.1' ],
29 silly audit   'lightningcss-win32-arm64-msvc': [ '1.30.1' ],
29 silly audit   'lightningcss-win32-x64-msvc': [ '1.30.1' ],
29 silly audit   'locate-path': [ '6.0.0' ],
29 silly audit   lodash: [ '4.17.21' ],
29 silly audit   'lodash.debounce': [ '4.0.8' ],
29 silly audit   'lodash.merge': [ '4.6.2' ],
29 silly audit   'loose-envify': [ '1.4.0' ],
29 silly audit   'lucide-react': [ '0.525.0' ],
29 silly audit   'magic-string': [ '0.30.17' ],
29 silly audit   'math-intrinsics': [ '1.1.0' ],
29 silly audit   merge2: [ '1.4.1' ],
29 silly audit   micromatch: [ '4.0.8' ],
29 silly audit   'mime-db': [ '1.52.0' ],
29 silly audit   'mime-types': [ '2.1.35' ],
29 silly audit   minimist: [ '1.2.8' ],
29 silly audit   minipass: [ '7.1.2' ],
29 silly audit   minizlib: [ '3.0.2' ],
29 silly audit   mkdirp: [ '3.0.1' ],
29 silly audit   motion: [ '12.23.6' ],
29 silly audit   'motion-dom': [ '12.23.6' ],
29 silly audit   'motion-utils': [ '12.23.6' ],
29 silly audit   ms: [ '2.1.3' ],
29 silly audit   nanoid: [ '3.3.11' ],
29 silly audit   'napi-postinstall': [ '0.3.0' ],
29 silly audit   'natural-compare': [ '1.4.0' ],
29 silly audit   next: [ '15.4.1' ],
29 silly audit   'next-themes': [ '0.4.6' ],
29 silly audit   postcss: [ '8.4.31', '8.5.6' ],
29 silly audit   'object-assign': [ '4.1.1' ],
29 silly audit   'object-inspect': [ '1.13.4' ],
29 silly audit   'object-keys': [ '1.1.1' ],
29 silly audit   'object.assign': [ '4.1.7' ],
29 silly audit   'object.entries': [ '1.1.9' ],
29 silly audit   'object.fromentries': [ '2.0.8' ],
29 silly audit   'object.groupby': [ '1.0.3' ],
29 silly audit   'object.values': [ '1.2.1' ],
29 silly audit   'on-change': [ '4.0.0' ],
29 silly audit   optionator: [ '0.9.4' ],
29 silly audit   'own-keys': [ '1.0.1' ],
29 silly audit   'p-limit': [ '3.1.0' ],
29 silly audit   'p-locate': [ '5.0.0' ],
29 silly audit   'parent-module': [ '1.0.1' ],
29 silly audit   'path-exists': [ '4.0.0' ],
29 silly audit   'path-key': [ '3.1.1' ],
29 silly audit   'path-parse': [ '1.0.7' ],
29 silly audit   picocolors: [ '1.1.1' ],
29 silly audit   picomatch: [ '2.3.1', '4.0.3' ],
29 silly audit   'possible-typed-array-names': [ '1.1.0' ],
29 silly audit   'prelude-ls': [ '1.2.1' ],
29 silly audit   'prop-types': [ '15.8.1' ],
29 silly audit   'proxy-from-env': [ '1.1.0' ],
29 silly audit   punycode: [ '2.3.1' ],
29 silly audit   'queue-microtask': [ '1.2.3' ],
29 silly audit   react: [ '19.1.0' ],
29 silly audit   'react-dom': [ '19.1.0' ],
29 silly audit   'react-hook-form': [ '7.60.0' ],
29 silly audit   'react-icons': [ '5.5.0' ],
29 silly audit   'react-is': [ '16.13.1', '18.3.1' ],
29 silly audit   'react-merge-refs': [ '2.1.1' ],
29 silly audit   'react-remove-scroll': [ '2.7.1' ],
29 silly audit   'react-remove-scroll-bar': [ '2.3.8' ],
29 silly audit   'react-router': [ '7.7.0' ],
29 silly audit   'react-router-dom': [ '7.7.0' ],
29 silly audit   'react-smooth': [ '4.0.4' ],
29 silly audit   'react-style-singleton': [ '2.2.3' ],
29 silly audit   'react-transition-group': [ '4.4.5' ],
29 silly audit   recharts: [ '2.15.4' ],
29 silly audit   'recharts-scale': [ '0.4.5' ],
29 silly audit   'reflect.getprototypeof': [ '1.0.10' ],
29 silly audit   'regexp.prototype.flags': [ '1.5.4' ],
29 silly audit   'resolve-from': [ '4.0.0' ],
29 silly audit   'resolve-pkg-maps': [ '1.0.0' ],
29 silly audit   reusify: [ '1.1.0' ],
29 silly audit   'run-parallel': [ '1.2.0' ],
29 silly audit   'safe-array-concat': [ '1.1.3' ],
29 silly audit   'safe-push-apply': [ '1.0.0' ],
29 silly audit   'safe-regex-test': [ '1.1.0' ],
29 silly audit   scheduler: [ '0.26.0' ],
29 silly audit   'semver-compare': [ '1.0.0' ],
29 silly audit   'set-cookie-parser': [ '2.7.1' ],
29 silly audit   'set-function-length': [ '1.2.2' ],
29 silly audit   'set-function-name': [ '2.0.2' ],
29 silly audit   'set-proto': [ '1.0.0' ],
29 silly audit   sharp: [ '0.34.3' ],
29 silly audit   'shebang-command': [ '2.0.0' ],
29 silly audit   'shebang-regex': [ '3.0.0' ],
29 silly audit   'side-channel': [ '1.1.0' ],
29 silly audit   'side-channel-list': [ '1.0.0' ],
29 silly audit   'side-channel-map': [ '1.0.1' ],
29 silly audit   'side-channel-weakmap': [ '1.0.2' ],
29 silly audit   'simple-swizzle': [ '0.2.2' ],
29 silly audit   sonner: [ '2.0.6' ],
29 silly audit   'source-map-js': [ '1.2.1' ],
29 silly audit   'stable-hash': [ '0.0.5' ],
29 silly audit   'stop-iteration-iterator': [ '1.1.0' ],
29 silly audit   'string.prototype.includes': [ '2.0.1' ],
29 silly audit   'string.prototype.matchall': [ '4.0.12' ],
29 silly audit   'string.prototype.repeat': [ '1.0.0' ],
29 silly audit   'string.prototype.trim': [ '1.2.10' ],
29 silly audit   'string.prototype.trimend': [ '1.0.9' ],
29 silly audit   'string.prototype.trimstart': [ '1.0.8' ],
29 silly audit   'strip-bom': [ '3.0.0' ],
29 silly audit   'strip-json-comments': [ '3.1.1' ],
29 silly audit   'styled-jsx': [ '5.1.6' ],
29 silly audit   'supports-color': [ '7.2.0' ],
29 silly audit   'supports-preserve-symlinks-flag': [ '1.0.0' ],
29 silly audit   'tailwind-merge': [ '3.3.1' ],
29 silly audit   tailwindcss: [ '4.1.11' ],
29 silly audit   tapable: [ '2.2.2' ],
29 silly audit   tar: [ '7.4.3' ],
29 silly audit   thumbhash: [ '0.1.1' ],
29 silly audit   'tiny-invariant': [ '1.3.3' ],
29 silly audit   tinyglobby: [ '0.2.14' ],
29 silly audit   fdir: [ '6.4.6' ],
29 silly audit   'to-regex-range': [ '5.0.1' ],
29 silly audit   'ts-api-utils': [ '2.1.0' ],
29 silly audit   'tsconfig-paths': [ '3.15.0' ],
29 silly audit   tslib: [ '2.8.1' ],
29 silly audit   'tw-animate-css': [ '1.3.5' ],
29 silly audit   'type-check': [ '0.4.0' ],
29 silly audit   'typed-array-buffer': [ '1.0.3' ],
29 silly audit   'typed-array-byte-length': [ '1.0.3' ],
29 silly audit   'typed-array-byte-offset': [ '1.0.4' ],
29 silly audit   'typed-array-length': [ '1.0.7' ],
29 silly audit   typescript: [ '5.9.2' ],
29 silly audit   'unbox-primitive': [ '1.1.0' ],
29 silly audit   'undici-types': [ '6.21.0' ],
29 silly audit   'unrs-resolver': [ '1.11.1' ],
29 silly audit   'uri-js': [ '4.4.1' ],
29 silly audit   'use-callback-ref': [ '1.3.3' ],
29 silly audit   'use-sidecar': [ '1.1.3' ],
29 silly audit   'use-sync-external-store': [ '1.5.0' ],
29 silly audit   vaul: [ '1.1.2' ],
29 silly audit   'victory-vendor': [ '36.9.2' ],
29 silly audit   which: [ '2.0.2' ],
29 silly audit   'which-boxed-primitive': [ '1.1.1' ],
29 silly audit   'which-builtin-type': [ '1.2.1' ],
29 silly audit   'which-collection': [ '1.0.2' ],
29 silly audit   'which-typed-array': [ '1.1.19' ],
29 silly audit   'word-wrap': [ '1.2.5' ],
29 silly audit   yallist: [ '5.0.0' ],
29 silly audit   'yocto-queue': [ '0.1.0' ],
29 silly audit   zod: [ '4.0.5' ],
29 silly audit   '@tailwindcss/oxide-wasm32-wasi': [ '4.1.11' ]
29 silly audit }
30 verbose reify failed optional dependency D:\project\callify\call_me-main\call\frontend\node_modules\lightningcss-win32-arm64-msvc
31 silly reify mark deleted [
31 silly reify   'D:\\project\\callify\\call_me-main\\call\\frontend\\node_modules\\lightningcss-win32-arm64-msvc'
31 silly reify ]
32 verbose reify failed optional dependency D:\project\callify\call_me-main\call\frontend\node_modules\lightningcss-linux-x64-musl
33 silly reify mark deleted [
33 silly reify   'D:\\project\\callify\\call_me-main\\call\\frontend\\node_modules\\lightningcss-linux-x64-musl'
33 silly reify ]
34 verbose reify failed optional dependency D:\project\callify\call_me-main\call\frontend\node_modules\lightningcss-linux-x64-gnu
35 silly reify mark deleted [
35 silly reify   'D:\\project\\callify\\call_me-main\\call\\frontend\\node_modules\\lightningcss-linux-x64-gnu'
35 silly reify ]
36 verbose reify failed optional dependency D:\project\callify\call_me-main\call\frontend\node_modules\lightningcss-linux-arm64-musl
37 silly reify mark deleted [
37 silly reify   'D:\\project\\callify\\call_me-main\\call\\frontend\\node_modules\\lightningcss-linux-arm64-musl'
37 silly reify ]
38 verbose reify failed optional dependency D:\project\callify\call_me-main\call\frontend\node_modules\lightningcss-linux-arm64-gnu
39 silly reify mark deleted [
39 silly reify   'D:\\project\\callify\\call_me-main\\call\\frontend\\node_modules\\lightningcss-linux-arm64-gnu'
39 silly reify ]
40 verbose reify failed optional dependency D:\project\callify\call_me-main\call\frontend\node_modules\lightningcss-linux-arm-gnueabihf
41 silly reify mark deleted [
41 silly reify   'D:\\project\\callify\\call_me-main\\call\\frontend\\node_modules\\lightningcss-linux-arm-gnueabihf'
41 silly reify ]
42 verbose reify failed optional dependency D:\project\callify\call_me-main\call\frontend\node_modules\lightningcss-freebsd-x64
43 silly reify mark deleted [
43 silly reify   'D:\\project\\callify\\call_me-main\\call\\frontend\\node_modules\\lightningcss-freebsd-x64'
43 silly reify ]
44 verbose reify failed optional dependency D:\project\callify\call_me-main\call\frontend\node_modules\lightningcss-darwin-x64
45 silly reify mark deleted [
45 silly reify   'D:\\project\\callify\\call_me-main\\call\\frontend\\node_modules\\lightningcss-darwin-x64'
45 silly reify ]
46 verbose reify failed optional dependency D:\project\callify\call_me-main\call\frontend\node_modules\lightningcss-darwin-arm64
47 silly reify mark deleted [
47 silly reify   'D:\\project\\callify\\call_me-main\\call\\frontend\\node_modules\\lightningcss-darwin-arm64'
47 silly reify ]
48 verbose reify failed optional dependency D:\project\callify\call_me-main\call\frontend\node_modules\@unrs\resolver-binding-win32-ia32-msvc
49 silly reify mark deleted [
49 silly reify   'D:\\project\\callify\\call_me-main\\call\\frontend\\node_modules\\@unrs\\resolver-binding-win32-ia32-msvc'
49 silly reify ]
50 verbose reify failed optional dependency D:\project\callify\call_me-main\call\frontend\node_modules\@unrs\resolver-binding-win32-arm64-msvc
51 silly reify mark deleted [
51 silly reify   'D:\\project\\callify\\call_me-main\\call\\frontend\\node_modules\\@unrs\\resolver-binding-win32-arm64-msvc'
51 silly reify ]
52 verbose reify failed optional dependency D:\project\callify\call_me-main\call\frontend\node_modules\@unrs\resolver-binding-wasm32-wasi
53 silly reify mark deleted [
53 silly reify   'D:\\project\\callify\\call_me-main\\call\\frontend\\node_modules\\@unrs\\resolver-binding-wasm32-wasi'
53 silly reify ]
54 verbose reify failed optional dependency D:\project\callify\call_me-main\call\frontend\node_modules\@unrs\resolver-binding-linux-x64-musl
55 silly reify mark deleted [
55 silly reify   'D:\\project\\callify\\call_me-main\\call\\frontend\\node_modules\\@unrs\\resolver-binding-linux-x64-musl'
55 silly reify ]
56 verbose reify failed optional dependency D:\project\callify\call_me-main\call\frontend\node_modules\@unrs\resolver-binding-linux-x64-gnu
57 silly reify mark deleted [
57 silly reify   'D:\\project\\callify\\call_me-main\\call\\frontend\\node_modules\\@unrs\\resolver-binding-linux-x64-gnu'
57 silly reify ]
58 verbose reify failed optional dependency D:\project\callify\call_me-main\call\frontend\node_modules\@unrs\resolver-binding-linux-s390x-gnu
59 silly reify mark deleted [
59 silly reify   'D:\\project\\callify\\call_me-main\\call\\frontend\\node_modules\\@unrs\\resolver-binding-linux-s390x-gnu'
59 silly reify ]
60 verbose reify failed optional dependency D:\project\callify\call_me-main\call\frontend\node_modules\@unrs\resolver-binding-linux-riscv64-musl
61 silly reify mark deleted [
61 silly reify   'D:\\project\\callify\\call_me-main\\call\\frontend\\node_modules\\@unrs\\resolver-binding-linux-riscv64-musl'
61 silly reify ]
62 verbose reify failed optional dependency D:\project\callify\call_me-main\call\frontend\node_modules\@unrs\resolver-binding-linux-riscv64-gnu
63 silly reify mark deleted [
63 silly reify   'D:\\project\\callify\\call_me-main\\call\\frontend\\node_modules\\@unrs\\resolver-binding-linux-riscv64-gnu'
63 silly reify ]
64 verbose reify failed optional dependency D:\project\callify\call_me-main\call\frontend\node_modules\@unrs\resolver-binding-linux-ppc64-gnu
65 silly reify mark deleted [
65 silly reify   'D:\\project\\callify\\call_me-main\\call\\frontend\\node_modules\\@unrs\\resolver-binding-linux-ppc64-gnu'
65 silly reify ]
66 verbose reify failed optional dependency D:\project\callify\call_me-main\call\frontend\node_modules\@unrs\resolver-binding-linux-arm64-musl
67 silly reify mark deleted [
67 silly reify   'D:\\project\\callify\\call_me-main\\call\\frontend\\node_modules\\@unrs\\resolver-binding-linux-arm64-musl'
67 silly reify ]
68 verbose reify failed optional dependency D:\project\callify\call_me-main\call\frontend\node_modules\@unrs\resolver-binding-linux-arm64-gnu
69 silly reify mark deleted [
69 silly reify   'D:\\project\\callify\\call_me-main\\call\\frontend\\node_modules\\@unrs\\resolver-binding-linux-arm64-gnu'
69 silly reify ]
70 verbose reify failed optional dependency D:\project\callify\call_me-main\call\frontend\node_modules\@unrs\resolver-binding-linux-arm-musleabihf
71 silly reify mark deleted [
71 silly reify   'D:\\project\\callify\\call_me-main\\call\\frontend\\node_modules\\@unrs\\resolver-binding-linux-arm-musleabihf'
71 silly reify ]
72 verbose reify failed optional dependency D:\project\callify\call_me-main\call\frontend\node_modules\@unrs\resolver-binding-linux-arm-gnueabihf
73 silly reify mark deleted [
73 silly reify   'D:\\project\\callify\\call_me-main\\call\\frontend\\node_modules\\@unrs\\resolver-binding-linux-arm-gnueabihf'
73 silly reify ]
74 verbose reify failed optional dependency D:\project\callify\call_me-main\call\frontend\node_modules\@unrs\resolver-binding-freebsd-x64
75 silly reify mark deleted [
75 silly reify   'D:\\project\\callify\\call_me-main\\call\\frontend\\node_modules\\@unrs\\resolver-binding-freebsd-x64'
75 silly reify ]
76 verbose reify failed optional dependency D:\project\callify\call_me-main\call\frontend\node_modules\@unrs\resolver-binding-darwin-x64
77 silly reify mark deleted [
77 silly reify   'D:\\project\\callify\\call_me-main\\call\\frontend\\node_modules\\@unrs\\resolver-binding-darwin-x64'
77 silly reify ]
78 verbose reify failed optional dependency D:\project\callify\call_me-main\call\frontend\node_modules\@unrs\resolver-binding-darwin-arm64
79 silly reify mark deleted [
79 silly reify   'D:\\project\\callify\\call_me-main\\call\\frontend\\node_modules\\@unrs\\resolver-binding-darwin-arm64'
79 silly reify ]
80 verbose reify failed optional dependency D:\project\callify\call_me-main\call\frontend\node_modules\@unrs\resolver-binding-android-arm64
81 silly reify mark deleted [
81 silly reify   'D:\\project\\callify\\call_me-main\\call\\frontend\\node_modules\\@unrs\\resolver-binding-android-arm64'
81 silly reify ]
82 verbose reify failed optional dependency D:\project\callify\call_me-main\call\frontend\node_modules\@unrs\resolver-binding-android-arm-eabi
83 silly reify mark deleted [
83 silly reify   'D:\\project\\callify\\call_me-main\\call\\frontend\\node_modules\\@unrs\\resolver-binding-android-arm-eabi'
83 silly reify ]
84 verbose reify failed optional dependency D:\project\callify\call_me-main\call\frontend\node_modules\@tailwindcss\oxide-win32-arm64-msvc
85 silly reify mark deleted [
85 silly reify   'D:\\project\\callify\\call_me-main\\call\\frontend\\node_modules\\@tailwindcss\\oxide-win32-arm64-msvc'
85 silly reify ]
86 verbose reify failed optional dependency D:\project\callify\call_me-main\call\frontend\node_modules\@tailwindcss\oxide-linux-x64-musl
87 silly reify mark deleted [
87 silly reify   'D:\\project\\callify\\call_me-main\\call\\frontend\\node_modules\\@tailwindcss\\oxide-linux-x64-musl'
87 silly reify ]
88 verbose reify failed optional dependency D:\project\callify\call_me-main\call\frontend\node_modules\@tailwindcss\oxide-linux-x64-gnu
89 silly reify mark deleted [
89 silly reify   'D:\\project\\callify\\call_me-main\\call\\frontend\\node_modules\\@tailwindcss\\oxide-linux-x64-gnu'
89 silly reify ]
90 verbose reify failed optional dependency D:\project\callify\call_me-main\call\frontend\node_modules\@tailwindcss\oxide-linux-arm64-musl
91 silly reify mark deleted [
91 silly reify   'D:\\project\\callify\\call_me-main\\call\\frontend\\node_modules\\@tailwindcss\\oxide-linux-arm64-musl'
91 silly reify ]
92 verbose reify failed optional dependency D:\project\callify\call_me-main\call\frontend\node_modules\@tailwindcss\oxide-linux-arm64-gnu
93 silly reify mark deleted [
93 silly reify   'D:\\project\\callify\\call_me-main\\call\\frontend\\node_modules\\@tailwindcss\\oxide-linux-arm64-gnu'
93 silly reify ]
94 verbose reify failed optional dependency D:\project\callify\call_me-main\call\frontend\node_modules\@tailwindcss\oxide-linux-arm-gnueabihf
95 silly reify mark deleted [
95 silly reify   'D:\\project\\callify\\call_me-main\\call\\frontend\\node_modules\\@tailwindcss\\oxide-linux-arm-gnueabihf'
95 silly reify ]
96 verbose reify failed optional dependency D:\project\callify\call_me-main\call\frontend\node_modules\@tailwindcss\oxide-freebsd-x64
97 silly reify mark deleted [
97 silly reify   'D:\\project\\callify\\call_me-main\\call\\frontend\\node_modules\\@tailwindcss\\oxide-freebsd-x64'
97 silly reify ]
98 verbose reify failed optional dependency D:\project\callify\call_me-main\call\frontend\node_modules\@tailwindcss\oxide-darwin-x64
99 silly reify mark deleted [
99 silly reify   'D:\\project\\callify\\call_me-main\\call\\frontend\\node_modules\\@tailwindcss\\oxide-darwin-x64'
99 silly reify ]
100 verbose reify failed optional dependency D:\project\callify\call_me-main\call\frontend\node_modules\@tailwindcss\oxide-darwin-arm64
101 silly reify mark deleted [
101 silly reify   'D:\\project\\callify\\call_me-main\\call\\frontend\\node_modules\\@tailwindcss\\oxide-darwin-arm64'
101 silly reify ]
102 verbose reify failed optional dependency D:\project\callify\call_me-main\call\frontend\node_modules\@tailwindcss\oxide-android-arm64
103 silly reify mark deleted [
103 silly reify   'D:\\project\\callify\\call_me-main\\call\\frontend\\node_modules\\@tailwindcss\\oxide-android-arm64'
103 silly reify ]
104 verbose reify failed optional dependency D:\project\callify\call_me-main\call\frontend\node_modules\@next\swc-win32-arm64-msvc
105 silly reify mark deleted [
105 silly reify   'D:\\project\\callify\\call_me-main\\call\\frontend\\node_modules\\@next\\swc-win32-arm64-msvc'
105 silly reify ]
106 verbose reify failed optional dependency D:\project\callify\call_me-main\call\frontend\node_modules\@next\swc-linux-x64-musl
107 silly reify mark deleted [
107 silly reify   'D:\\project\\callify\\call_me-main\\call\\frontend\\node_modules\\@next\\swc-linux-x64-musl'
107 silly reify ]
108 verbose reify failed optional dependency D:\project\callify\call_me-main\call\frontend\node_modules\@next\swc-linux-x64-gnu
109 silly reify mark deleted [
109 silly reify   'D:\\project\\callify\\call_me-main\\call\\frontend\\node_modules\\@next\\swc-linux-x64-gnu'
109 silly reify ]
110 verbose reify failed optional dependency D:\project\callify\call_me-main\call\frontend\node_modules\@next\swc-linux-arm64-musl
111 silly reify mark deleted [
111 silly reify   'D:\\project\\callify\\call_me-main\\call\\frontend\\node_modules\\@next\\swc-linux-arm64-musl'
111 silly reify ]
112 verbose reify failed optional dependency D:\project\callify\call_me-main\call\frontend\node_modules\@next\swc-linux-arm64-gnu
113 silly reify mark deleted [
113 silly reify   'D:\\project\\callify\\call_me-main\\call\\frontend\\node_modules\\@next\\swc-linux-arm64-gnu'
113 silly reify ]
114 verbose reify failed optional dependency D:\project\callify\call_me-main\call\frontend\node_modules\@next\swc-darwin-x64
115 silly reify mark deleted [
115 silly reify   'D:\\project\\callify\\call_me-main\\call\\frontend\\node_modules\\@next\\swc-darwin-x64'
115 silly reify ]
116 verbose reify failed optional dependency D:\project\callify\call_me-main\call\frontend\node_modules\@next\swc-darwin-arm64
117 silly reify mark deleted [
117 silly reify   'D:\\project\\callify\\call_me-main\\call\\frontend\\node_modules\\@next\\swc-darwin-arm64'
117 silly reify ]
118 verbose reify failed optional dependency D:\project\callify\call_me-main\call\frontend\node_modules\@img\sharp-win32-ia32
119 silly reify mark deleted [
119 silly reify   'D:\\project\\callify\\call_me-main\\call\\frontend\\node_modules\\@img\\sharp-win32-ia32'
119 silly reify ]
120 verbose reify failed optional dependency D:\project\callify\call_me-main\call\frontend\node_modules\@img\sharp-win32-arm64
121 silly reify mark deleted [
121 silly reify   'D:\\project\\callify\\call_me-main\\call\\frontend\\node_modules\\@img\\sharp-win32-arm64'
121 silly reify ]
122 verbose reify failed optional dependency D:\project\callify\call_me-main\call\frontend\node_modules\@img\sharp-wasm32
123 silly reify mark deleted [
123 silly reify   'D:\\project\\callify\\call_me-main\\call\\frontend\\node_modules\\@img\\sharp-wasm32'
123 silly reify ]
124 verbose reify failed optional dependency D:\project\callify\call_me-main\call\frontend\node_modules\@img\sharp-linuxmusl-x64
125 silly reify mark deleted [
125 silly reify   'D:\\project\\callify\\call_me-main\\call\\frontend\\node_modules\\@img\\sharp-linuxmusl-x64'
125 silly reify ]
126 verbose reify failed optional dependency D:\project\callify\call_me-main\call\frontend\node_modules\@img\sharp-linuxmusl-arm64
127 silly reify mark deleted [
127 silly reify   'D:\\project\\callify\\call_me-main\\call\\frontend\\node_modules\\@img\\sharp-linuxmusl-arm64'
127 silly reify ]
128 verbose reify failed optional dependency D:\project\callify\call_me-main\call\frontend\node_modules\@img\sharp-linux-x64
129 silly reify mark deleted [
129 silly reify   'D:\\project\\callify\\call_me-main\\call\\frontend\\node_modules\\@img\\sharp-linux-x64'
129 silly reify ]
130 verbose reify failed optional dependency D:\project\callify\call_me-main\call\frontend\node_modules\@img\sharp-linux-s390x
131 silly reify mark deleted [
131 silly reify   'D:\\project\\callify\\call_me-main\\call\\frontend\\node_modules\\@img\\sharp-linux-s390x'
131 silly reify ]
132 verbose reify failed optional dependency D:\project\callify\call_me-main\call\frontend\node_modules\@img\sharp-linux-ppc64
133 silly reify mark deleted [
133 silly reify   'D:\\project\\callify\\call_me-main\\call\\frontend\\node_modules\\@img\\sharp-linux-ppc64'
133 silly reify ]
134 verbose reify failed optional dependency D:\project\callify\call_me-main\call\frontend\node_modules\@img\sharp-linux-arm64
135 silly reify mark deleted [
135 silly reify   'D:\\project\\callify\\call_me-main\\call\\frontend\\node_modules\\@img\\sharp-linux-arm64'
135 silly reify ]
136 verbose reify failed optional dependency D:\project\callify\call_me-main\call\frontend\node_modules\@img\sharp-linux-arm
137 silly reify mark deleted [
137 silly reify   'D:\\project\\callify\\call_me-main\\call\\frontend\\node_modules\\@img\\sharp-linux-arm'
137 silly reify ]
138 verbose reify failed optional dependency D:\project\callify\call_me-main\call\frontend\node_modules\@img\sharp-libvips-linuxmusl-x64
139 silly reify mark deleted [
139 silly reify   'D:\\project\\callify\\call_me-main\\call\\frontend\\node_modules\\@img\\sharp-libvips-linuxmusl-x64'
139 silly reify ]
140 verbose reify failed optional dependency D:\project\callify\call_me-main\call\frontend\node_modules\@img\sharp-libvips-linuxmusl-arm64
141 silly reify mark deleted [
141 silly reify   'D:\\project\\callify\\call_me-main\\call\\frontend\\node_modules\\@img\\sharp-libvips-linuxmusl-arm64'
141 silly reify ]
142 verbose reify failed optional dependency D:\project\callify\call_me-main\call\frontend\node_modules\@img\sharp-libvips-linux-x64
143 silly reify mark deleted [
143 silly reify   'D:\\project\\callify\\call_me-main\\call\\frontend\\node_modules\\@img\\sharp-libvips-linux-x64'
143 silly reify ]
144 verbose reify failed optional dependency D:\project\callify\call_me-main\call\frontend\node_modules\@img\sharp-libvips-linux-s390x
145 silly reify mark deleted [
145 silly reify   'D:\\project\\callify\\call_me-main\\call\\frontend\\node_modules\\@img\\sharp-libvips-linux-s390x'
145 silly reify ]
146 verbose reify failed optional dependency D:\project\callify\call_me-main\call\frontend\node_modules\@img\sharp-libvips-linux-ppc64
147 silly reify mark deleted [
147 silly reify   'D:\\project\\callify\\call_me-main\\call\\frontend\\node_modules\\@img\\sharp-libvips-linux-ppc64'
147 silly reify ]
148 verbose reify failed optional dependency D:\project\callify\call_me-main\call\frontend\node_modules\@img\sharp-libvips-linux-arm64
149 silly reify mark deleted [
149 silly reify   'D:\\project\\callify\\call_me-main\\call\\frontend\\node_modules\\@img\\sharp-libvips-linux-arm64'
149 silly reify ]
150 verbose reify failed optional dependency D:\project\callify\call_me-main\call\frontend\node_modules\@img\sharp-libvips-linux-arm
151 silly reify mark deleted [
151 silly reify   'D:\\project\\callify\\call_me-main\\call\\frontend\\node_modules\\@img\\sharp-libvips-linux-arm'
151 silly reify ]
152 verbose reify failed optional dependency D:\project\callify\call_me-main\call\frontend\node_modules\@img\sharp-libvips-darwin-x64
153 silly reify mark deleted [
153 silly reify   'D:\\project\\callify\\call_me-main\\call\\frontend\\node_modules\\@img\\sharp-libvips-darwin-x64'
153 silly reify ]
154 verbose reify failed optional dependency D:\project\callify\call_me-main\call\frontend\node_modules\@img\sharp-libvips-darwin-arm64
155 silly reify mark deleted [
155 silly reify   'D:\\project\\callify\\call_me-main\\call\\frontend\\node_modules\\@img\\sharp-libvips-darwin-arm64'
155 silly reify ]
156 verbose reify failed optional dependency D:\project\callify\call_me-main\call\frontend\node_modules\@img\sharp-darwin-x64
157 silly reify mark deleted [
157 silly reify   'D:\\project\\callify\\call_me-main\\call\\frontend\\node_modules\\@img\\sharp-darwin-x64'
157 silly reify ]
158 verbose reify failed optional dependency D:\project\callify\call_me-main\call\frontend\node_modules\@img\sharp-darwin-arm64
159 silly reify mark deleted [
159 silly reify   'D:\\project\\callify\\call_me-main\\call\\frontend\\node_modules\\@img\\sharp-darwin-arm64'
159 silly reify ]
160 http cache zod@https://registry.npmjs.org/zod/-/zod-4.0.5.tgz 1ms (cache hit)
161 http cache yocto-queue@https://registry.npmjs.org/yocto-queue/-/yocto-queue-0.1.0.tgz 0ms (cache hit)
162 http cache word-wrap@https://registry.npmjs.org/word-wrap/-/word-wrap-1.2.5.tgz 0ms (cache hit)
163 http cache which-typed-array@https://registry.npmjs.org/which-typed-array/-/which-typed-array-1.1.19.tgz 0ms (cache hit)
164 http cache yallist@https://registry.npmjs.org/yallist/-/yallist-5.0.0.tgz 0ms (cache hit)
165 http cache which-collection@https://registry.npmjs.org/which-collection/-/which-collection-1.0.2.tgz 1ms (cache hit)
166 http cache which-builtin-type@https://registry.npmjs.org/which-builtin-type/-/which-builtin-type-1.2.1.tgz 0ms (cache hit)
167 http cache which-boxed-primitive@https://registry.npmjs.org/which-boxed-primitive/-/which-boxed-primitive-1.1.1.tgz 0ms (cache hit)
168 http cache which@https://registry.npmjs.org/which/-/which-2.0.2.tgz 0ms (cache hit)
169 http cache victory-vendor@https://registry.npmjs.org/victory-vendor/-/victory-vendor-36.9.2.tgz 0ms (cache hit)
170 http cache vaul@https://registry.npmjs.org/vaul/-/vaul-1.1.2.tgz 0ms (cache hit)
171 http cache use-sync-external-store@https://registry.npmjs.org/use-sync-external-store/-/use-sync-external-store-1.5.0.tgz 0ms (cache hit)
172 http cache use-sidecar@https://registry.npmjs.org/use-sidecar/-/use-sidecar-1.1.3.tgz 0ms (cache hit)
173 http cache use-callback-ref@https://registry.npmjs.org/use-callback-ref/-/use-callback-ref-1.3.3.tgz 0ms (cache hit)
174 http cache uri-js@https://registry.npmjs.org/uri-js/-/uri-js-4.4.1.tgz 0ms (cache hit)
175 http cache undici-types@https://registry.npmjs.org/undici-types/-/undici-types-6.21.0.tgz 0ms (cache hit)
176 http cache unbox-primitive@https://registry.npmjs.org/unbox-primitive/-/unbox-primitive-1.1.0.tgz 0ms (cache hit)
177 http cache unrs-resolver@https://registry.npmjs.org/unrs-resolver/-/unrs-resolver-1.11.1.tgz 0ms (cache hit)
178 http cache typed-array-byte-offset@https://registry.npmjs.org/typed-array-byte-offset/-/typed-array-byte-offset-1.0.4.tgz 0ms (cache hit)
179 http cache typescript@https://registry.npmjs.org/typescript/-/typescript-5.9.2.tgz 0ms (cache hit)
180 http cache typed-array-byte-length@https://registry.npmjs.org/typed-array-byte-length/-/typed-array-byte-length-1.0.3.tgz 0ms (cache hit)
181 http cache typed-array-buffer@https://registry.npmjs.org/typed-array-buffer/-/typed-array-buffer-1.0.3.tgz 0ms (cache hit)
182 http cache typed-array-length@https://registry.npmjs.org/typed-array-length/-/typed-array-length-1.0.7.tgz 0ms (cache hit)
183 http cache tw-animate-css@https://registry.npmjs.org/tw-animate-css/-/tw-animate-css-1.3.5.tgz 0ms (cache hit)
184 http cache tslib@https://registry.npmjs.org/tslib/-/tslib-2.8.1.tgz 0ms (cache hit)
185 http cache type-check@https://registry.npmjs.org/type-check/-/type-check-0.4.0.tgz 0ms (cache hit)
186 http cache tsconfig-paths@https://registry.npmjs.org/tsconfig-paths/-/tsconfig-paths-3.15.0.tgz 0ms (cache hit)
187 http cache ts-api-utils@https://registry.npmjs.org/ts-api-utils/-/ts-api-utils-2.1.0.tgz 0ms (cache hit)
188 http cache to-regex-range@https://registry.npmjs.org/to-regex-range/-/to-regex-range-5.0.1.tgz 0ms (cache hit)
189 http cache tinyglobby@https://registry.npmjs.org/tinyglobby/-/tinyglobby-0.2.14.tgz 0ms (cache hit)
190 http cache tar@https://registry.npmjs.org/tar/-/tar-7.4.3.tgz 0ms (cache hit)
191 http cache tiny-invariant@https://registry.npmjs.org/tiny-invariant/-/tiny-invariant-1.3.3.tgz 0ms (cache hit)
192 http cache tapable@https://registry.npmjs.org/tapable/-/tapable-2.2.2.tgz 0ms (cache hit)
193 http cache tailwindcss@https://registry.npmjs.org/tailwindcss/-/tailwindcss-4.1.11.tgz 0ms (cache hit)
194 http cache tailwind-merge@https://registry.npmjs.org/tailwind-merge/-/tailwind-merge-3.3.1.tgz 0ms (cache hit)
195 http cache supports-color@https://registry.npmjs.org/supports-color/-/supports-color-7.2.0.tgz 0ms (cache hit)
196 http cache strip-json-comments@https://registry.npmjs.org/strip-json-comments/-/strip-json-comments-3.1.1.tgz 0ms (cache hit)
197 http cache thumbhash@https://registry.npmjs.org/thumbhash/-/thumbhash-0.1.1.tgz 0ms (cache hit)
198 http cache strip-bom@https://registry.npmjs.org/strip-bom/-/strip-bom-3.0.0.tgz 0ms (cache hit)
199 http cache string.prototype.trimstart@https://registry.npmjs.org/string.prototype.trimstart/-/string.prototype.trimstart-1.0.8.tgz 0ms (cache hit)
200 http cache string.prototype.trimend@https://registry.npmjs.org/string.prototype.trimend/-/string.prototype.trimend-1.0.9.tgz 0ms (cache hit)
201 http cache string.prototype.trim@https://registry.npmjs.org/string.prototype.trim/-/string.prototype.trim-1.2.10.tgz 0ms (cache hit)
202 http cache string.prototype.repeat@https://registry.npmjs.org/string.prototype.repeat/-/string.prototype.repeat-1.0.0.tgz 0ms (cache hit)
203 http cache string.prototype.matchall@https://registry.npmjs.org/string.prototype.matchall/-/string.prototype.matchall-4.0.12.tgz 0ms (cache hit)
204 http cache supports-preserve-symlinks-flag@https://registry.npmjs.org/supports-preserve-symlinks-flag/-/supports-preserve-symlinks-flag-1.0.0.tgz 1ms (cache hit)
205 http cache string.prototype.includes@https://registry.npmjs.org/string.prototype.includes/-/string.prototype.includes-2.0.1.tgz 0ms (cache hit)
206 http cache stop-iteration-iterator@https://registry.npmjs.org/stop-iteration-iterator/-/stop-iteration-iterator-1.1.0.tgz 0ms (cache hit)
207 http cache styled-jsx@https://registry.npmjs.org/styled-jsx/-/styled-jsx-5.1.6.tgz 0ms (cache hit)
208 http cache stable-hash@https://registry.npmjs.org/stable-hash/-/stable-hash-0.0.5.tgz 0ms (cache hit)
209 http cache sonner@https://registry.npmjs.org/sonner/-/sonner-2.0.6.tgz 0ms (cache hit)
210 http cache source-map-js@https://registry.npmjs.org/source-map-js/-/source-map-js-1.2.1.tgz 0ms (cache hit)
211 http cache simple-swizzle@https://registry.npmjs.org/simple-swizzle/-/simple-swizzle-0.2.2.tgz 0ms (cache hit)
212 http cache side-channel-map@https://registry.npmjs.org/side-channel-map/-/side-channel-map-1.0.1.tgz 0ms (cache hit)
213 http cache side-channel-weakmap@https://registry.npmjs.org/side-channel-weakmap/-/side-channel-weakmap-1.0.2.tgz 0ms (cache hit)
214 http cache side-channel@https://registry.npmjs.org/side-channel/-/side-channel-1.1.0.tgz 1ms (cache hit)
215 http cache shebang-command@https://registry.npmjs.org/shebang-command/-/shebang-command-2.0.0.tgz 0ms (cache hit)
216 http cache shebang-regex@https://registry.npmjs.org/shebang-regex/-/shebang-regex-3.0.0.tgz 0ms (cache hit)
217 http cache set-proto@https://registry.npmjs.org/set-proto/-/set-proto-1.0.0.tgz 0ms (cache hit)
218 http cache sharp@https://registry.npmjs.org/sharp/-/sharp-0.34.3.tgz 0ms (cache hit)
219 http cache side-channel-list@https://registry.npmjs.org/side-channel-list/-/side-channel-list-1.0.0.tgz 0ms (cache hit)
220 http cache set-function-length@https://registry.npmjs.org/set-function-length/-/set-function-length-1.2.2.tgz 0ms (cache hit)
221 http cache set-function-name@https://registry.npmjs.org/set-function-name/-/set-function-name-2.0.2.tgz 0ms (cache hit)
222 http cache semver@https://registry.npmjs.org/semver/-/semver-7.7.2.tgz 0ms (cache hit)
223 http cache set-cookie-parser@https://registry.npmjs.org/set-cookie-parser/-/set-cookie-parser-2.7.1.tgz 0ms (cache hit)
224 http cache scheduler@https://registry.npmjs.org/scheduler/-/scheduler-0.26.0.tgz 0ms (cache hit)
225 http cache safe-regex-test@https://registry.npmjs.org/safe-regex-test/-/safe-regex-test-1.1.0.tgz 0ms (cache hit)
226 http cache safe-push-apply@https://registry.npmjs.org/safe-push-apply/-/safe-push-apply-1.0.0.tgz 0ms (cache hit)
227 http cache safe-array-concat@https://registry.npmjs.org/safe-array-concat/-/safe-array-concat-1.1.3.tgz 0ms (cache hit)
228 http cache run-parallel@https://registry.npmjs.org/run-parallel/-/run-parallel-1.2.0.tgz 0ms (cache hit)
229 http cache semver-compare@https://registry.npmjs.org/semver-compare/-/semver-compare-1.0.0.tgz 0ms (cache hit)
230 http cache reusify@https://registry.npmjs.org/reusify/-/reusify-1.1.0.tgz 0ms (cache hit)
231 http cache resolve-from@https://registry.npmjs.org/resolve-from/-/resolve-from-4.0.0.tgz 0ms (cache hit)
232 http cache resolve-pkg-maps@https://registry.npmjs.org/resolve-pkg-maps/-/resolve-pkg-maps-1.0.0.tgz 0ms (cache hit)
233 http cache resolve@https://registry.npmjs.org/resolve/-/resolve-1.22.10.tgz 0ms (cache hit)
234 http cache reflect.getprototypeof@https://registry.npmjs.org/reflect.getprototypeof/-/reflect.getprototypeof-1.0.10.tgz 0ms (cache hit)
235 http cache regexp.prototype.flags@https://registry.npmjs.org/regexp.prototype.flags/-/regexp.prototype.flags-1.5.4.tgz 0ms (cache hit)
236 http cache recharts-scale@https://registry.npmjs.org/recharts-scale/-/recharts-scale-0.4.5.tgz 0ms (cache hit)
237 http cache recharts@https://registry.npmjs.org/recharts/-/recharts-2.15.4.tgz 0ms (cache hit)
238 http cache react-transition-group@https://registry.npmjs.org/react-transition-group/-/react-transition-group-4.4.5.tgz 0ms (cache hit)
239 http cache react-smooth@https://registry.npmjs.org/react-smooth/-/react-smooth-4.0.4.tgz 1ms (cache hit)
240 http cache react-style-singleton@https://registry.npmjs.org/react-style-singleton/-/react-style-singleton-2.2.3.tgz 0ms (cache hit)
241 http cache react-router-dom@https://registry.npmjs.org/react-router-dom/-/react-router-dom-7.7.0.tgz 0ms (cache hit)
242 http cache react-router@https://registry.npmjs.org/react-router/-/react-router-7.7.0.tgz 0ms (cache hit)
243 http cache react-remove-scroll-bar@https://registry.npmjs.org/react-remove-scroll-bar/-/react-remove-scroll-bar-2.3.8.tgz 0ms (cache hit)
244 http cache react-remove-scroll@https://registry.npmjs.org/react-remove-scroll/-/react-remove-scroll-2.7.1.tgz 0ms (cache hit)
245 http cache react-merge-refs@https://registry.npmjs.org/react-merge-refs/-/react-merge-refs-2.1.1.tgz 0ms (cache hit)
246 http cache react-is@https://registry.npmjs.org/react-is/-/react-is-16.13.1.tgz 0ms (cache hit)
247 http cache react-icons@https://registry.npmjs.org/react-icons/-/react-icons-5.5.0.tgz 0ms (cache hit)
248 http cache react-dom@https://registry.npmjs.org/react-dom/-/react-dom-19.1.0.tgz 0ms (cache hit)
249 http cache queue-microtask@https://registry.npmjs.org/queue-microtask/-/queue-microtask-1.2.3.tgz 0ms (cache hit)
250 http cache react-hook-form@https://registry.npmjs.org/react-hook-form/-/react-hook-form-7.60.0.tgz 0ms (cache hit)
251 http cache punycode@https://registry.npmjs.org/punycode/-/punycode-2.3.1.tgz 0ms (cache hit)
252 http cache proxy-from-env@https://registry.npmjs.org/proxy-from-env/-/proxy-from-env-1.1.0.tgz 0ms (cache hit)
253 http cache prop-types@https://registry.npmjs.org/prop-types/-/prop-types-15.8.1.tgz 0ms (cache hit)
254 http cache postcss@https://registry.npmjs.org/postcss/-/postcss-8.5.6.tgz 0ms (cache hit)
255 http cache prelude-ls@https://registry.npmjs.org/prelude-ls/-/prelude-ls-1.2.1.tgz 0ms (cache hit)
256 http cache possible-typed-array-names@https://registry.npmjs.org/possible-typed-array-names/-/possible-typed-array-names-1.1.0.tgz 0ms (cache hit)
257 http cache picomatch@https://registry.npmjs.org/picomatch/-/picomatch-2.3.1.tgz 0ms (cache hit)
258 http cache path-parse@https://registry.npmjs.org/path-parse/-/path-parse-1.0.7.tgz 0ms (cache hit)
259 http cache path-key@https://registry.npmjs.org/path-key/-/path-key-3.1.1.tgz 0ms (cache hit)
260 http cache picocolors@https://registry.npmjs.org/picocolors/-/picocolors-1.1.1.tgz 0ms (cache hit)
261 http cache react@https://registry.npmjs.org/react/-/react-19.1.0.tgz 0ms (cache hit)
262 http cache path-exists@https://registry.npmjs.org/path-exists/-/path-exists-4.0.0.tgz 0ms (cache hit)
263 http cache parent-module@https://registry.npmjs.org/parent-module/-/parent-module-1.0.1.tgz 0ms (cache hit)
264 http cache p-locate@https://registry.npmjs.org/p-locate/-/p-locate-5.0.0.tgz 0ms (cache hit)
265 http cache p-limit@https://registry.npmjs.org/p-limit/-/p-limit-3.1.0.tgz 0ms (cache hit)
266 http cache own-keys@https://registry.npmjs.org/own-keys/-/own-keys-1.0.1.tgz 0ms (cache hit)
267 http cache optionator@https://registry.npmjs.org/optionator/-/optionator-0.9.4.tgz 0ms (cache hit)
268 http cache object.values@https://registry.npmjs.org/object.values/-/object.values-1.2.1.tgz 0ms (cache hit)
269 http cache on-change@https://registry.npmjs.org/on-change/-/on-change-4.0.0.tgz 0ms (cache hit)
270 http cache object.entries@https://registry.npmjs.org/object.entries/-/object.entries-1.1.9.tgz 0ms (cache hit)
271 http cache object.groupby@https://registry.npmjs.org/object.groupby/-/object.groupby-1.0.3.tgz 0ms (cache hit)
272 http cache object.fromentries@https://registry.npmjs.org/object.fromentries/-/object.fromentries-2.0.8.tgz 0ms (cache hit)
273 http cache object-keys@https://registry.npmjs.org/object-keys/-/object-keys-1.1.1.tgz 1ms (cache hit)
274 http cache object.assign@https://registry.npmjs.org/object.assign/-/object.assign-4.1.7.tgz 0ms (cache hit)
275 http cache object-assign@https://registry.npmjs.org/object-assign/-/object-assign-4.1.1.tgz 0ms (cache hit)
276 http cache object-inspect@https://registry.npmjs.org/object-inspect/-/object-inspect-1.13.4.tgz 0ms (cache hit)
277 http cache next-themes@https://registry.npmjs.org/next-themes/-/next-themes-0.4.6.tgz 0ms (cache hit)
278 http cache natural-compare@https://registry.npmjs.org/natural-compare/-/natural-compare-1.4.0.tgz 0ms (cache hit)
279 http cache nanoid@https://registry.npmjs.org/nanoid/-/nanoid-3.3.11.tgz 0ms (cache hit)
280 http cache next@https://registry.npmjs.org/next/-/next-15.4.1.tgz 0ms (cache hit)
281 http cache napi-postinstall@https://registry.npmjs.org/napi-postinstall/-/napi-postinstall-0.3.0.tgz 0ms (cache hit)
282 http cache motion-dom@https://registry.npmjs.org/motion-dom/-/motion-dom-12.23.6.tgz 0ms (cache hit)
283 http cache motion@https://registry.npmjs.org/motion/-/motion-12.23.6.tgz 0ms (cache hit)
284 http cache mkdirp@https://registry.npmjs.org/mkdirp/-/mkdirp-3.0.1.tgz 0ms (cache hit)
285 http cache minizlib@https://registry.npmjs.org/minizlib/-/minizlib-3.0.2.tgz 0ms (cache hit)
286 http cache ms@https://registry.npmjs.org/ms/-/ms-2.1.3.tgz 0ms (cache hit)
287 http cache minipass@https://registry.npmjs.org/minipass/-/minipass-7.1.2.tgz 0ms (cache hit)
288 http cache minimist@https://registry.npmjs.org/minimist/-/minimist-1.2.8.tgz 0ms (cache hit)
289 http cache motion-utils@https://registry.npmjs.org/motion-utils/-/motion-utils-12.23.6.tgz 0ms (cache hit)
290 http cache mime-types@https://registry.npmjs.org/mime-types/-/mime-types-2.1.35.tgz 0ms (cache hit)
291 http cache minimatch@https://registry.npmjs.org/minimatch/-/minimatch-3.1.2.tgz 0ms (cache hit)
292 http cache mime-db@https://registry.npmjs.org/mime-db/-/mime-db-1.52.0.tgz 0ms (cache hit)
293 http cache merge2@https://registry.npmjs.org/merge2/-/merge2-1.4.1.tgz 0ms (cache hit)
294 http cache micromatch@https://registry.npmjs.org/micromatch/-/micromatch-4.0.8.tgz 0ms (cache hit)
295 http cache lucide-react@https://registry.npmjs.org/lucide-react/-/lucide-react-0.525.0.tgz 0ms (cache hit)
296 http cache magic-string@https://registry.npmjs.org/magic-string/-/magic-string-0.30.17.tgz 0ms (cache hit)
297 http cache loose-envify@https://registry.npmjs.org/loose-envify/-/loose-envify-1.4.0.tgz 0ms (cache hit)
298 http cache lodash.merge@https://registry.npmjs.org/lodash.merge/-/lodash.merge-4.6.2.tgz 0ms (cache hit)
299 http cache lodash.debounce@https://registry.npmjs.org/lodash.debounce/-/lodash.debounce-4.0.8.tgz 0ms (cache hit)
300 http cache locate-path@https://registry.npmjs.org/locate-path/-/locate-path-6.0.0.tgz 0ms (cache hit)
301 http cache lodash@https://registry.npmjs.org/lodash/-/lodash-4.17.21.tgz 0ms (cache hit)
302 http cache lightningcss-win32-x64-msvc@https://registry.npmjs.org/lightningcss-win32-x64-msvc/-/lightningcss-win32-x64-msvc-1.30.1.tgz 0ms (cache hit)
303 http cache lightningcss@https://registry.npmjs.org/lightningcss/-/lightningcss-1.30.1.tgz 0ms (cache hit)
304 http cache math-intrinsics@https://registry.npmjs.org/math-intrinsics/-/math-intrinsics-1.1.0.tgz 0ms (cache hit)
305 http cache levn@https://registry.npmjs.org/levn/-/levn-0.4.1.tgz 0ms (cache hit)
306 http cache language-subtag-registry@https://registry.npmjs.org/language-subtag-registry/-/language-subtag-registry-0.3.23.tgz 0ms (cache hit)
307 http cache language-tags@https://registry.npmjs.org/language-tags/-/language-tags-1.0.9.tgz 0ms (cache hit)
308 http cache jsx-ast-utils@https://registry.npmjs.org/jsx-ast-utils/-/jsx-ast-utils-3.3.5.tgz 0ms (cache hit)
309 http cache keyv@https://registry.npmjs.org/keyv/-/keyv-4.5.4.tgz 0ms (cache hit)
310 http cache json5@https://registry.npmjs.org/json5/-/json5-1.0.2.tgz 0ms (cache hit)
311 http cache json-stable-stringify-without-jsonify@https://registry.npmjs.org/json-stable-stringify-without-jsonify/-/json-stable-stringify-without-jsonify-1.0.1.tgz 1ms (cache hit)
312 http cache json-schema-traverse@https://registry.npmjs.org/json-schema-traverse/-/json-schema-traverse-0.4.1.tgz 0ms (cache hit)
313 http cache json-buffer@https://registry.npmjs.org/json-buffer/-/json-buffer-3.0.1.tgz 0ms (cache hit)
314 http cache js-tokens@https://registry.npmjs.org/js-tokens/-/js-tokens-4.0.0.tgz 0ms (cache hit)
315 http cache jiti@https://registry.npmjs.org/jiti/-/jiti-2.4.2.tgz 0ms (cache hit)
316 http cache iterator.prototype@https://registry.npmjs.org/iterator.prototype/-/iterator.prototype-1.1.5.tgz 0ms (cache hit)
317 http cache isexe@https://registry.npmjs.org/isexe/-/isexe-2.0.0.tgz 0ms (cache hit)
318 http cache isarray@https://registry.npmjs.org/isarray/-/isarray-2.0.5.tgz 0ms (cache hit)
319 http cache js-yaml@https://registry.npmjs.org/js-yaml/-/js-yaml-4.1.0.tgz 0ms (cache hit)
320 http cache is-weakset@https://registry.npmjs.org/is-weakset/-/is-weakset-2.0.4.tgz 0ms (cache hit)
321 http cache is-weakref@https://registry.npmjs.org/is-weakref/-/is-weakref-1.1.1.tgz 0ms (cache hit)
322 http cache is-weakmap@https://registry.npmjs.org/is-weakmap/-/is-weakmap-2.0.2.tgz 0ms (cache hit)
323 http cache is-symbol@https://registry.npmjs.org/is-symbol/-/is-symbol-1.1.1.tgz 0ms (cache hit)
324 http cache is-string@https://registry.npmjs.org/is-string/-/is-string-1.1.1.tgz 0ms (cache hit)
325 http cache is-shared-array-buffer@https://registry.npmjs.org/is-shared-array-buffer/-/is-shared-array-buffer-1.0.4.tgz 1ms (cache hit)
326 http cache is-set@https://registry.npmjs.org/is-set/-/is-set-2.0.3.tgz 0ms (cache hit)
327 http cache is-typed-array@https://registry.npmjs.org/is-typed-array/-/is-typed-array-1.1.15.tgz 0ms (cache hit)
328 http cache is-number-object@https://registry.npmjs.org/is-number-object/-/is-number-object-1.1.1.tgz 0ms (cache hit)
329 http cache is-regex@https://registry.npmjs.org/is-regex/-/is-regex-1.2.1.tgz 0ms (cache hit)
330 http cache is-number@https://registry.npmjs.org/is-number/-/is-number-7.0.0.tgz 0ms (cache hit)
331 http cache is-negative-zero@https://registry.npmjs.org/is-negative-zero/-/is-negative-zero-2.0.3.tgz 0ms (cache hit)
332 http cache is-glob@https://registry.npmjs.org/is-glob/-/is-glob-4.0.3.tgz 0ms (cache hit)
333 http cache is-generator-function@https://registry.npmjs.org/is-generator-function/-/is-generator-function-1.1.0.tgz 0ms (cache hit)
334 http cache is-finalizationregistry@https://registry.npmjs.org/is-finalizationregistry/-/is-finalizationregistry-1.1.1.tgz 1ms (cache hit)
335 http cache is-extglob@https://registry.npmjs.org/is-extglob/-/is-extglob-2.1.1.tgz 0ms (cache hit)
336 http cache is-callable@https://registry.npmjs.org/is-callable/-/is-callable-1.2.7.tgz 0ms (cache hit)
337 http cache is-date-object@https://registry.npmjs.org/is-date-object/-/is-date-object-1.1.0.tgz 0ms (cache hit)
338 http cache is-map@https://registry.npmjs.org/is-map/-/is-map-2.0.3.tgz 0ms (cache hit)
339 http cache is-bun-module@https://registry.npmjs.org/is-bun-module/-/is-bun-module-2.0.0.tgz 0ms (cache hit)
340 http cache is-core-module@https://registry.npmjs.org/is-core-module/-/is-core-module-2.16.1.tgz 0ms (cache hit)
341 http cache is-boolean-object@https://registry.npmjs.org/is-boolean-object/-/is-boolean-object-1.2.2.tgz 0ms (cache hit)
342 http cache is-data-view@https://registry.npmjs.org/is-data-view/-/is-data-view-1.0.2.tgz 0ms (cache hit)
343 http cache is-async-function@https://registry.npmjs.org/is-async-function/-/is-async-function-2.1.1.tgz 0ms (cache hit)
344 http cache is-arrayish@https://registry.npmjs.org/is-arrayish/-/is-arrayish-0.3.2.tgz 0ms (cache hit)
345 http cache internmap@https://registry.npmjs.org/internmap/-/internmap-2.0.3.tgz 0ms (cache hit)
346 http cache is-array-buffer@https://registry.npmjs.org/is-array-buffer/-/is-array-buffer-3.0.5.tgz 0ms (cache hit)
347 http cache imurmurhash@https://registry.npmjs.org/imurmurhash/-/imurmurhash-0.1.4.tgz 0ms (cache hit)
348 http cache is-bigint@https://registry.npmjs.org/is-bigint/-/is-bigint-1.1.0.tgz 0ms (cache hit)
349 http cache import-fresh@https://registry.npmjs.org/import-fresh/-/import-fresh-3.3.1.tgz 0ms (cache hit)
350 http cache ignore@https://registry.npmjs.org/ignore/-/ignore-5.3.2.tgz 0ms (cache hit)
351 http cache internal-slot@https://registry.npmjs.org/internal-slot/-/internal-slot-1.1.0.tgz 0ms (cache hit)
352 http cache has-tostringtag@https://registry.npmjs.org/has-tostringtag/-/has-tostringtag-1.0.2.tgz 0ms (cache hit)
353 http cache hasown@https://registry.npmjs.org/hasown/-/hasown-2.0.2.tgz 0ms (cache hit)
354 http cache has-proto@https://registry.npmjs.org/has-proto/-/has-proto-1.2.0.tgz 0ms (cache hit)
355 http cache has-property-descriptors@https://registry.npmjs.org/has-property-descriptors/-/has-property-descriptors-1.0.2.tgz 0ms (cache hit)
356 http cache has-symbols@https://registry.npmjs.org/has-symbols/-/has-symbols-1.1.0.tgz 0ms (cache hit)
357 http cache has-bigints@https://registry.npmjs.org/has-bigints/-/has-bigints-1.1.0.tgz 0ms (cache hit)
358 http cache graphemer@https://registry.npmjs.org/graphemer/-/graphemer-1.4.0.tgz 0ms (cache hit)
359 http cache has-flag@https://registry.npmjs.org/has-flag/-/has-flag-4.0.0.tgz 0ms (cache hit)
360 http cache graceful-fs@https://registry.npmjs.org/graceful-fs/-/graceful-fs-4.2.11.tgz 0ms (cache hit)
361 http cache gopd@https://registry.npmjs.org/gopd/-/gopd-1.2.0.tgz 0ms (cache hit)
362 http cache globalthis@https://registry.npmjs.org/globalthis/-/globalthis-1.0.4.tgz 0ms (cache hit)
363 http cache globals@https://registry.npmjs.org/globals/-/globals-14.0.0.tgz 0ms (cache hit)
364 http cache glob-parent@https://registry.npmjs.org/glob-parent/-/glob-parent-6.0.2.tgz 0ms (cache hit)
365 http cache get-tsconfig@https://registry.npmjs.org/get-tsconfig/-/get-tsconfig-4.10.1.tgz 0ms (cache hit)
366 http cache get-symbol-description@https://registry.npmjs.org/get-symbol-description/-/get-symbol-description-1.1.0.tgz 0ms (cache hit)
367 http cache get-proto@https://registry.npmjs.org/get-proto/-/get-proto-1.0.1.tgz 0ms (cache hit)
368 http cache get-nonce@https://registry.npmjs.org/get-nonce/-/get-nonce-1.0.1.tgz 0ms (cache hit)
369 http cache get-intrinsic@https://registry.npmjs.org/get-intrinsic/-/get-intrinsic-1.3.0.tgz 0ms (cache hit)
370 http cache function.prototype.name@https://registry.npmjs.org/function.prototype.name/-/function.prototype.name-1.1.8.tgz 0ms (cache hit)
371 http cache function-bind@https://registry.npmjs.org/function-bind/-/function-bind-1.1.2.tgz 0ms (cache hit)
372 http cache form-data@https://registry.npmjs.org/form-data/-/form-data-4.0.4.tgz 0ms (cache hit)
373 http cache framer-motion@https://registry.npmjs.org/framer-motion/-/framer-motion-12.23.6.tgz 0ms (cache hit)
374 http cache functions-have-names@https://registry.npmjs.org/functions-have-names/-/functions-have-names-1.2.3.tgz 0ms (cache hit)
375 http cache for-each@https://registry.npmjs.org/for-each/-/for-each-0.3.5.tgz 0ms (cache hit)
376 http cache follow-redirects@https://registry.npmjs.org/follow-redirects/-/follow-redirects-1.15.9.tgz 0ms (cache hit)
377 http cache flatted@https://registry.npmjs.org/flatted/-/flatted-3.3.3.tgz 0ms (cache hit)
378 http cache find-up@https://registry.npmjs.org/find-up/-/find-up-5.0.0.tgz 0ms (cache hit)
379 http cache flat-cache@https://registry.npmjs.org/flat-cache/-/flat-cache-4.0.1.tgz 0ms (cache hit)
380 http cache fill-range@https://registry.npmjs.org/fill-range/-/fill-range-7.1.1.tgz 0ms (cache hit)
381 http cache file-entry-cache@https://registry.npmjs.org/file-entry-cache/-/file-entry-cache-8.0.0.tgz 0ms (cache hit)
382 http cache fast-json-stable-stringify@https://registry.npmjs.org/fast-json-stable-stringify/-/fast-json-stable-stringify-2.1.0.tgz 0ms (cache hit)
383 http cache fast-glob@https://registry.npmjs.org/fast-glob/-/fast-glob-3.3.1.tgz 0ms (cache hit)
384 http cache fast-equals@https://registry.npmjs.org/fast-equals/-/fast-equals-5.2.2.tgz 7ms (cache hit)
385 http cache fast-deep-equal@https://registry.npmjs.org/fast-deep-equal/-/fast-deep-equal-3.1.3.tgz 0ms (cache hit)
386 http cache eventemitter3@https://registry.npmjs.org/eventemitter3/-/eventemitter3-4.0.7.tgz 0ms (cache hit)
387 http cache esutils@https://registry.npmjs.org/esutils/-/esutils-2.0.3.tgz 0ms (cache hit)
388 http cache estraverse@https://registry.npmjs.org/estraverse/-/estraverse-5.3.0.tgz 0ms (cache hit)
389 http cache esquery@https://registry.npmjs.org/esquery/-/esquery-1.6.0.tgz 0ms (cache hit)
390 http cache espree@https://registry.npmjs.org/espree/-/espree-10.4.0.tgz 0ms (cache hit)
391 http cache fastq@https://registry.npmjs.org/fastq/-/fastq-1.19.1.tgz 0ms (cache hit)
392 http cache esrecurse@https://registry.npmjs.org/esrecurse/-/esrecurse-4.3.0.tgz 0ms (cache hit)
393 http cache eslint-visitor-keys@https://registry.npmjs.org/eslint-visitor-keys/-/eslint-visitor-keys-4.2.1.tgz 0ms (cache hit)
394 http cache eslint-plugin-react-hooks@https://registry.npmjs.org/eslint-plugin-react-hooks/-/eslint-plugin-react-hooks-5.2.0.tgz 0ms (cache hit)
395 http cache fast-levenshtein@https://registry.npmjs.org/fast-levenshtein/-/fast-levenshtein-2.0.6.tgz 0ms (cache hit)
396 http cache eslint-plugin-react@https://registry.npmjs.org/eslint-plugin-react/-/eslint-plugin-react-7.37.5.tgz 0ms (cache hit)
397 http cache eslint-plugin-jsx-a11y@https://registry.npmjs.org/eslint-plugin-jsx-a11y/-/eslint-plugin-jsx-a11y-6.10.2.tgz 0ms (cache hit)
398 http cache eslint-scope@https://registry.npmjs.org/eslint-scope/-/eslint-scope-8.4.0.tgz 0ms (cache hit)
399 http cache eslint-plugin-import@https://registry.npmjs.org/eslint-plugin-import/-/eslint-plugin-import-2.32.0.tgz 0ms (cache hit)
400 http cache eslint-module-utils@https://registry.npmjs.org/eslint-module-utils/-/eslint-module-utils-2.12.1.tgz 0ms (cache hit)
401 http cache eslint-import-resolver-typescript@https://registry.npmjs.org/eslint-import-resolver-typescript/-/eslint-import-resolver-typescript-3.10.1.tgz 0ms (cache hit)
402 http cache eslint-config-next@https://registry.npmjs.org/eslint-config-next/-/eslint-config-next-15.4.1.tgz 0ms (cache hit)
403 http cache eslint@https://registry.npmjs.org/eslint/-/eslint-9.31.0.tgz 0ms (cache hit)
404 http cache eslint-import-resolver-node@https://registry.npmjs.org/eslint-import-resolver-node/-/eslint-import-resolver-node-0.3.9.tgz 0ms (cache hit)
405 http cache escape-string-regexp@https://registry.npmjs.org/escape-string-regexp/-/escape-string-regexp-4.0.0.tgz 0ms (cache hit)
406 http cache es-to-primitive@https://registry.npmjs.org/es-to-primitive/-/es-to-primitive-1.3.0.tgz 0ms (cache hit)
407 http cache es-shim-unscopables@https://registry.npmjs.org/es-shim-unscopables/-/es-shim-unscopables-1.1.0.tgz 0ms (cache hit)
408 http cache es-set-tostringtag@https://registry.npmjs.org/es-set-tostringtag/-/es-set-tostringtag-2.1.0.tgz 0ms (cache hit)
409 http cache es-object-atoms@https://registry.npmjs.org/es-object-atoms/-/es-object-atoms-1.1.1.tgz 0ms (cache hit)
410 http cache es-iterator-helpers@https://registry.npmjs.org/es-iterator-helpers/-/es-iterator-helpers-1.2.1.tgz 0ms (cache hit)
411 http cache es-errors@https://registry.npmjs.org/es-errors/-/es-errors-1.3.0.tgz 0ms (cache hit)
412 http cache es-define-property@https://registry.npmjs.org/es-define-property/-/es-define-property-1.0.1.tgz 0ms (cache hit)
413 http cache es-abstract@https://registry.npmjs.org/es-abstract/-/es-abstract-1.24.0.tgz 0ms (cache hit)
414 http cache enhanced-resolve@https://registry.npmjs.org/enhanced-resolve/-/enhanced-resolve-5.18.2.tgz 0ms (cache hit)
415 http cache emoji-regex@https://registry.npmjs.org/emoji-regex/-/emoji-regex-9.2.2.tgz 0ms (cache hit)
416 http cache dom-helpers@https://registry.npmjs.org/dom-helpers/-/dom-helpers-5.2.1.tgz 0ms (cache hit)
417 http cache detect-node-es@https://registry.npmjs.org/detect-node-es/-/detect-node-es-1.1.0.tgz 1ms (cache hit)
418 http cache dunder-proto@https://registry.npmjs.org/dunder-proto/-/dunder-proto-1.0.1.tgz 0ms (cache hit)
419 http cache detect-libc@https://registry.npmjs.org/detect-libc/-/detect-libc-2.0.4.tgz 0ms (cache hit)
420 http cache delayed-stream@https://registry.npmjs.org/delayed-stream/-/delayed-stream-1.0.0.tgz 0ms (cache hit)
421 http cache define-data-property@https://registry.npmjs.org/define-data-property/-/define-data-property-1.1.4.tgz 0ms (cache hit)
422 http cache define-properties@https://registry.npmjs.org/define-properties/-/define-properties-1.2.1.tgz 0ms (cache hit)
423 http cache doctrine@https://registry.npmjs.org/doctrine/-/doctrine-2.1.0.tgz 0ms (cache hit)
424 http cache deep-is@https://registry.npmjs.org/deep-is/-/deep-is-0.1.4.tgz 0ms (cache hit)
425 http cache decimal.js-light@https://registry.npmjs.org/decimal.js-light/-/decimal.js-light-2.5.1.tgz 0ms (cache hit)
426 http cache data-view-byte-length@https://registry.npmjs.org/data-view-byte-length/-/data-view-byte-length-1.0.2.tgz 0ms (cache hit)
427 http cache debug@https://registry.npmjs.org/debug/-/debug-4.4.1.tgz 0ms (cache hit)
428 http cache data-view-byte-offset@https://registry.npmjs.org/data-view-byte-offset/-/data-view-byte-offset-1.0.1.tgz 0ms (cache hit)
429 http cache data-view-buffer@https://registry.npmjs.org/data-view-buffer/-/data-view-buffer-1.0.2.tgz 0ms (cache hit)
430 http cache damerau-levenshtein@https://registry.npmjs.org/damerau-levenshtein/-/damerau-levenshtein-1.0.8.tgz 0ms (cache hit)
431 http cache d3-timer@https://registry.npmjs.org/d3-timer/-/d3-timer-3.0.1.tgz 0ms (cache hit)
432 http cache date-fns@https://registry.npmjs.org/date-fns/-/date-fns-4.1.0.tgz 0ms (cache hit)
433 http cache d3-time-format@https://registry.npmjs.org/d3-time-format/-/d3-time-format-4.1.0.tgz 0ms (cache hit)
434 http cache d3-time@https://registry.npmjs.org/d3-time/-/d3-time-3.1.0.tgz 0ms (cache hit)
435 http cache d3-path@https://registry.npmjs.org/d3-path/-/d3-path-3.1.0.tgz 0ms (cache hit)
436 http cache d3-shape@https://registry.npmjs.org/d3-shape/-/d3-shape-3.2.0.tgz 0ms (cache hit)
437 http cache d3-interpolate@https://registry.npmjs.org/d3-interpolate/-/d3-interpolate-3.0.1.tgz 0ms (cache hit)
438 http cache d3-ease@https://registry.npmjs.org/d3-ease/-/d3-ease-3.0.1.tgz 0ms (cache hit)
439 http cache d3-color@https://registry.npmjs.org/d3-color/-/d3-color-3.1.0.tgz 0ms (cache hit)
440 http cache d3-scale@https://registry.npmjs.org/d3-scale/-/d3-scale-4.0.2.tgz 0ms (cache hit)
441 http cache d3-array@https://registry.npmjs.org/d3-array/-/d3-array-3.2.4.tgz 0ms (cache hit)
442 http cache csstype@https://registry.npmjs.org/csstype/-/csstype-3.1.3.tgz 0ms (cache hit)
443 http cache cross-spawn@https://registry.npmjs.org/cross-spawn/-/cross-spawn-7.0.6.tgz 0ms (cache hit)
444 http cache cookie@https://registry.npmjs.org/cookie/-/cookie-1.0.2.tgz 0ms (cache hit)
445 http cache combined-stream@https://registry.npmjs.org/combined-stream/-/combined-stream-1.0.8.tgz 0ms (cache hit)
446 http cache concat-map@https://registry.npmjs.org/concat-map/-/concat-map-0.0.1.tgz 0ms (cache hit)
447 http cache color-string@https://registry.npmjs.org/color-string/-/color-string-1.9.1.tgz 0ms (cache hit)
448 http cache color-name@https://registry.npmjs.org/color-name/-/color-name-1.1.4.tgz 0ms (cache hit)
449 http cache color-convert@https://registry.npmjs.org/color-convert/-/color-convert-2.0.1.tgz 0ms (cache hit)
450 http cache clsx@https://registry.npmjs.org/clsx/-/clsx-2.1.1.tgz 0ms (cache hit)
451 http cache class-variance-authority@https://registry.npmjs.org/class-variance-authority/-/class-variance-authority-0.7.1.tgz 0ms (cache hit)
452 http cache color@https://registry.npmjs.org/color/-/color-4.2.3.tgz 0ms (cache hit)
453 http cache chownr@https://registry.npmjs.org/chownr/-/chownr-3.0.0.tgz 0ms (cache hit)
454 http cache chalk@https://registry.npmjs.org/chalk/-/chalk-4.1.2.tgz 1ms (cache hit)
455 http cache caniuse-lite@https://registry.npmjs.org/caniuse-lite/-/caniuse-lite-1.0.30001727.tgz 0ms (cache hit)
456 http cache client-only@https://registry.npmjs.org/client-only/-/client-only-0.0.1.tgz 0ms (cache hit)
457 http cache callsites@https://registry.npmjs.org/callsites/-/callsites-3.1.0.tgz 0ms (cache hit)
458 http cache call-bound@https://registry.npmjs.org/call-bound/-/call-bound-1.0.4.tgz 0ms (cache hit)
459 http cache call-bind@https://registry.npmjs.org/call-bind/-/call-bind-1.0.8.tgz 0ms (cache hit)
460 http cache call-bind-apply-helpers@https://registry.npmjs.org/call-bind-apply-helpers/-/call-bind-apply-helpers-1.0.2.tgz 0ms (cache hit)
461 http cache brace-expansion@https://registry.npmjs.org/brace-expansion/-/brace-expansion-1.1.12.tgz 0ms (cache hit)
462 http cache d3-format@https://registry.npmjs.org/d3-format/-/d3-format-3.1.0.tgz 0ms (cache hit)
463 http cache braces@https://registry.npmjs.org/braces/-/braces-3.0.3.tgz 0ms (cache hit)
464 http cache blurhash@https://registry.npmjs.org/blurhash/-/blurhash-2.0.5.tgz 0ms (cache hit)
465 http cache balanced-match@https://registry.npmjs.org/balanced-match/-/balanced-match-1.0.2.tgz 0ms (cache hit)
466 http cache axobject-query@https://registry.npmjs.org/axobject-query/-/axobject-query-4.1.0.tgz 0ms (cache hit)
467 http cache axios@https://registry.npmjs.org/axios/-/axios-1.10.0.tgz 0ms (cache hit)
468 http cache asynckit@https://registry.npmjs.org/asynckit/-/asynckit-0.4.0.tgz 0ms (cache hit)
469 http cache available-typed-arrays@https://registry.npmjs.org/available-typed-arrays/-/available-typed-arrays-1.0.7.tgz 0ms (cache hit)
470 http cache async-function@https://registry.npmjs.org/async-function/-/async-function-1.0.0.tgz 0ms (cache hit)
471 http cache ast-types-flow@https://registry.npmjs.org/ast-types-flow/-/ast-types-flow-0.0.8.tgz 0ms (cache hit)
472 http cache array.prototype.flatmap@https://registry.npmjs.org/array.prototype.flatmap/-/array.prototype.flatmap-1.3.3.tgz 0ms (cache hit)
473 http cache array.prototype.tosorted@https://registry.npmjs.org/array.prototype.tosorted/-/array.prototype.tosorted-1.1.4.tgz 0ms (cache hit)
474 http cache arraybuffer.prototype.slice@https://registry.npmjs.org/arraybuffer.prototype.slice/-/arraybuffer.prototype.slice-1.0.4.tgz 0ms (cache hit)
475 http cache array.prototype.flat@https://registry.npmjs.org/array.prototype.flat/-/array.prototype.flat-1.3.3.tgz 0ms (cache hit)
476 http cache axe-core@https://registry.npmjs.org/axe-core/-/axe-core-4.10.3.tgz 0ms (cache hit)
477 http cache array-includes@https://registry.npmjs.org/array-includes/-/array-includes-3.1.9.tgz 0ms (cache hit)
478 http cache array.prototype.findlast@https://registry.npmjs.org/array.prototype.findlast/-/array.prototype.findlast-1.2.5.tgz 0ms (cache hit)
479 http cache array-buffer-byte-length@https://registry.npmjs.org/array-buffer-byte-length/-/array-buffer-byte-length-1.0.2.tgz 0ms (cache hit)
480 http cache aria-query@https://registry.npmjs.org/aria-query/-/aria-query-5.3.2.tgz 0ms (cache hit)
481 http cache aria-hidden@https://registry.npmjs.org/aria-hidden/-/aria-hidden-1.2.6.tgz 0ms (cache hit)
482 http cache argparse@https://registry.npmjs.org/argparse/-/argparse-2.0.1.tgz 0ms (cache hit)
483 http cache ansi-styles@https://registry.npmjs.org/ansi-styles/-/ansi-styles-4.3.0.tgz 0ms (cache hit)
484 http cache acorn-jsx@https://registry.npmjs.org/acorn-jsx/-/acorn-jsx-5.3.2.tgz 0ms (cache hit)
485 http cache array.prototype.findlastindex@https://registry.npmjs.org/array.prototype.findlastindex/-/array.prototype.findlastindex-1.2.6.tgz 0ms (cache hit)
486 http cache @unrs/resolver-binding-win32-x64-msvc@https://registry.npmjs.org/@unrs/resolver-binding-win32-x64-msvc/-/resolver-binding-win32-x64-msvc-1.11.1.tgz 0ms (cache hit)
487 http cache ajv@https://registry.npmjs.org/ajv/-/ajv-6.12.6.tgz 0ms (cache hit)
488 http cache @typescript-eslint/visitor-keys@https://registry.npmjs.org/@typescript-eslint/visitor-keys/-/visitor-keys-8.37.0.tgz 0ms (cache hit)
489 http cache @typescript-eslint/typescript-estree@https://registry.npmjs.org/@typescript-eslint/typescript-estree/-/typescript-estree-8.37.0.tgz 0ms (cache hit)
490 http cache acorn@https://registry.npmjs.org/acorn/-/acorn-8.15.0.tgz 0ms (cache hit)
491 http cache @typescript-eslint/types@https://registry.npmjs.org/@typescript-eslint/types/-/types-8.37.0.tgz 0ms (cache hit)
492 http cache @typescript-eslint/utils@https://registry.npmjs.org/@typescript-eslint/utils/-/utils-8.37.0.tgz 0ms (cache hit)
493 http cache @typescript-eslint/project-service@https://registry.npmjs.org/@typescript-eslint/project-service/-/project-service-8.37.0.tgz 0ms (cache hit)
494 http cache @typescript-eslint/tsconfig-utils@https://registry.npmjs.org/@typescript-eslint/tsconfig-utils/-/tsconfig-utils-8.37.0.tgz 0ms (cache hit)
495 http cache @typescript-eslint/scope-manager@https://registry.npmjs.org/@typescript-eslint/scope-manager/-/scope-manager-8.37.0.tgz 0ms (cache hit)
496 http cache @typescript-eslint/type-utils@https://registry.npmjs.org/@typescript-eslint/type-utils/-/type-utils-8.37.0.tgz 1ms (cache hit)
497 http cache @types/react@https://registry.npmjs.org/@types/react/-/react-19.1.9.tgz 0ms (cache hit)
498 http cache @typescript-eslint/parser@https://registry.npmjs.org/@typescript-eslint/parser/-/parser-8.37.0.tgz 0ms (cache hit)
499 http cache @types/json5@https://registry.npmjs.org/@types/json5/-/json5-0.0.29.tgz 0ms (cache hit)
500 http cache @types/node@https://registry.npmjs.org/@types/node/-/node-20.19.9.tgz 0ms (cache hit)
501 http cache @types/json-schema@https://registry.npmjs.org/@types/json-schema/-/json-schema-7.0.15.tgz 0ms (cache hit)
502 http cache @types/react-dom@https://registry.npmjs.org/@types/react-dom/-/react-dom-19.1.6.tgz 0ms (cache hit)
503 http cache @typescript-eslint/eslint-plugin@https://registry.npmjs.org/@typescript-eslint/eslint-plugin/-/eslint-plugin-8.37.0.tgz 0ms (cache hit)
504 http cache @types/estree@https://registry.npmjs.org/@types/estree/-/estree-1.0.8.tgz 0ms (cache hit)
505 http cache @types/d3-timer@https://registry.npmjs.org/@types/d3-timer/-/d3-timer-3.0.2.tgz 0ms (cache hit)
506 http cache @types/d3-time@https://registry.npmjs.org/@types/d3-time/-/d3-time-3.0.4.tgz 0ms (cache hit)
507 http cache @types/d3-scale@https://registry.npmjs.org/@types/d3-scale/-/d3-scale-4.0.9.tgz 0ms (cache hit)
508 http cache @types/d3-shape@https://registry.npmjs.org/@types/d3-shape/-/d3-shape-3.1.7.tgz 0ms (cache hit)
509 http cache @tybys/wasm-util@https://registry.npmjs.org/@tybys/wasm-util/-/wasm-util-0.10.0.tgz 0ms (cache hit)
510 http cache @types/d3-path@https://registry.npmjs.org/@types/d3-path/-/d3-path-3.1.1.tgz 0ms (cache hit)
511 http cache @types/d3-color@https://registry.npmjs.org/@types/d3-color/-/d3-color-3.1.3.tgz 0ms (cache hit)
512 http cache @types/d3-ease@https://registry.npmjs.org/@types/d3-ease/-/d3-ease-3.0.2.tgz 0ms (cache hit)
513 http cache @types/d3-array@https://registry.npmjs.org/@types/d3-array/-/d3-array-3.2.1.tgz 0ms (cache hit)
514 http cache @tanstack/table-core@https://registry.npmjs.org/@tanstack/table-core/-/table-core-8.21.3.tgz 0ms (cache hit)
515 http cache @types/d3-interpolate@https://registry.npmjs.org/@types/d3-interpolate/-/d3-interpolate-3.0.4.tgz 0ms (cache hit)
516 http cache @tailwindcss/postcss@https://registry.npmjs.org/@tailwindcss/postcss/-/postcss-4.1.11.tgz 0ms (cache hit)
517 http cache @tanstack/react-table@https://registry.npmjs.org/@tanstack/react-table/-/react-table-8.21.3.tgz 0ms (cache hit)
518 http cache @tanstack/query-core@https://registry.npmjs.org/@tanstack/query-core/-/query-core-5.83.0.tgz 0ms (cache hit)
519 http cache @tailwindcss/oxide-win32-x64-msvc@https://registry.npmjs.org/@tailwindcss/oxide-win32-x64-msvc/-/oxide-win32-x64-msvc-4.1.11.tgz 0ms (cache hit)
520 http cache @tanstack/react-query@https://registry.npmjs.org/@tanstack/react-query/-/react-query-5.83.0.tgz 0ms (cache hit)
521 http cache @tailwindcss/node@https://registry.npmjs.org/@tailwindcss/node/-/node-4.1.11.tgz 0ms (cache hit)
522 http cache @tabler/icons-react@https://registry.npmjs.org/@tabler/icons-react/-/icons-react-3.34.0.tgz 0ms (cache hit)
523 http cache @tabler/icons@https://registry.npmjs.org/@tabler/icons/-/icons-3.34.0.tgz 0ms (cache hit)
524 http cache @tailwindcss/oxide@https://registry.npmjs.org/@tailwindcss/oxide/-/oxide-4.1.11.tgz 0ms (cache hit)
525 http cache @swc/helpers@https://registry.npmjs.org/@swc/helpers/-/helpers-0.5.15.tgz 0ms (cache hit)
526 http cache @rushstack/eslint-patch@https://registry.npmjs.org/@rushstack/eslint-patch/-/eslint-patch-1.12.0.tgz 0ms (cache hit)
527 http cache @standard-schema/utils@https://registry.npmjs.org/@standard-schema/utils/-/utils-0.3.0.tgz 0ms (cache hit)
528 http cache @rtsao/scc@https://registry.npmjs.org/@rtsao/scc/-/scc-1.1.0.tgz 0ms (cache hit)
529 http cache @splinetool/react-spline@https://registry.npmjs.org/@splinetool/react-spline/-/react-spline-4.1.0.tgz 0ms (cache hit)
530 http cache @splinetool/runtime@https://registry.npmjs.org/@splinetool/runtime/-/runtime-1.12.70.tgz 0ms (cache hit)
531 http cache @radix-ui/rect@https://registry.npmjs.org/@radix-ui/rect/-/rect-1.1.1.tgz 0ms (cache hit)
532 http cache @radix-ui/react-use-size@https://registry.npmjs.org/@radix-ui/react-use-size/-/react-use-size-1.1.1.tgz 0ms (cache hit)
533 http cache @radix-ui/react-visually-hidden@https://registry.npmjs.org/@radix-ui/react-visually-hidden/-/react-visually-hidden-1.2.3.tgz 0ms (cache hit)
534 http cache @radix-ui/react-use-layout-effect@https://registry.npmjs.org/@radix-ui/react-use-layout-effect/-/react-use-layout-effect-1.1.1.tgz 0ms (cache hit)
535 http cache @radix-ui/react-use-rect@https://registry.npmjs.org/@radix-ui/react-use-rect/-/react-use-rect-1.1.1.tgz 0ms (cache hit)
536 http cache @radix-ui/react-use-previous@https://registry.npmjs.org/@radix-ui/react-use-previous/-/react-use-previous-1.1.1.tgz 0ms (cache hit)
537 http cache @radix-ui/react-use-is-hydrated@https://registry.npmjs.org/@radix-ui/react-use-is-hydrated/-/react-use-is-hydrated-0.1.0.tgz 0ms (cache hit)
538 http cache @radix-ui/react-use-escape-keydown@https://registry.npmjs.org/@radix-ui/react-use-escape-keydown/-/react-use-escape-keydown-1.1.1.tgz 0ms (cache hit)
539 http cache @radix-ui/react-use-effect-event@https://registry.npmjs.org/@radix-ui/react-use-effect-event/-/react-use-effect-event-0.0.2.tgz 0ms (cache hit)
540 http cache @radix-ui/react-use-controllable-state@https://registry.npmjs.org/@radix-ui/react-use-controllable-state/-/react-use-controllable-state-1.2.2.tgz 0ms (cache hit)
541 http cache @radix-ui/react-toggle-group@https://registry.npmjs.org/@radix-ui/react-toggle-group/-/react-toggle-group-1.1.10.tgz 0ms (cache hit)
542 http cache @radix-ui/react-use-callback-ref@https://registry.npmjs.org/@radix-ui/react-use-callback-ref/-/react-use-callback-ref-1.1.1.tgz 0ms (cache hit)
543 http cache @radix-ui/react-toggle@https://registry.npmjs.org/@radix-ui/react-toggle/-/react-toggle-1.1.9.tgz 0ms (cache hit)
544 http cache @radix-ui/react-tabs@https://registry.npmjs.org/@radix-ui/react-tabs/-/react-tabs-1.1.12.tgz 0ms (cache hit)
545 http cache @radix-ui/react-switch@https://registry.npmjs.org/@radix-ui/react-switch/-/react-switch-1.2.5.tgz 0ms (cache hit)
546 http cache @radix-ui/react-slot@https://registry.npmjs.org/@radix-ui/react-slot/-/react-slot-1.2.3.tgz 1ms (cache hit)
547 http cache @radix-ui/react-tooltip@https://registry.npmjs.org/@radix-ui/react-tooltip/-/react-tooltip-1.2.7.tgz 0ms (cache hit)
548 http cache @radix-ui/react-slider@https://registry.npmjs.org/@radix-ui/react-slider/-/react-slider-1.3.5.tgz 0ms (cache hit)
549 http cache @radix-ui/react-separator@https://registry.npmjs.org/@radix-ui/react-separator/-/react-separator-1.1.7.tgz 0ms (cache hit)
550 http cache @radix-ui/react-roving-focus@https://registry.npmjs.org/@radix-ui/react-roving-focus/-/react-roving-focus-1.1.10.tgz 0ms (cache hit)
551 http cache @radix-ui/react-primitive@https://registry.npmjs.org/@radix-ui/react-primitive/-/react-primitive-2.1.3.tgz 0ms (cache hit)
552 http cache @radix-ui/react-presence@https://registry.npmjs.org/@radix-ui/react-presence/-/react-presence-1.1.4.tgz 0ms (cache hit)
553 http cache @radix-ui/react-scroll-area@https://registry.npmjs.org/@radix-ui/react-scroll-area/-/react-scroll-area-1.2.9.tgz 0ms (cache hit)
554 http cache @radix-ui/react-menu@https://registry.npmjs.org/@radix-ui/react-menu/-/react-menu-2.1.15.tgz 0ms (cache hit)
555 http cache @radix-ui/react-select@https://registry.npmjs.org/@radix-ui/react-select/-/react-select-2.2.5.tgz 0ms (cache hit)
556 http cache @radix-ui/react-portal@https://registry.npmjs.org/@radix-ui/react-portal/-/react-portal-1.1.9.tgz 0ms (cache hit)
557 http cache @radix-ui/react-label@https://registry.npmjs.org/@radix-ui/react-label/-/react-label-2.1.7.tgz 0ms (cache hit)
558 http cache @radix-ui/react-popper@https://registry.npmjs.org/@radix-ui/react-popper/-/react-popper-1.2.7.tgz 0ms (cache hit)
559 http cache @radix-ui/react-id@https://registry.npmjs.org/@radix-ui/react-id/-/react-id-1.1.1.tgz 0ms (cache hit)
560 http cache @radix-ui/react-focus-scope@https://registry.npmjs.org/@radix-ui/react-focus-scope/-/react-focus-scope-1.1.7.tgz 0ms (cache hit)
561 http cache @radix-ui/react-focus-guards@https://registry.npmjs.org/@radix-ui/react-focus-guards/-/react-focus-guards-1.1.2.tgz 0ms (cache hit)
562 http cache @radix-ui/react-dropdown-menu@https://registry.npmjs.org/@radix-ui/react-dropdown-menu/-/react-dropdown-menu-2.1.15.tgz 0ms (cache hit)
563 http cache @radix-ui/react-direction@https://registry.npmjs.org/@radix-ui/react-direction/-/react-direction-1.1.1.tgz 0ms (cache hit)
564 http cache @radix-ui/react-dialog@https://registry.npmjs.org/@radix-ui/react-dialog/-/react-dialog-1.1.14.tgz 0ms (cache hit)
565 http cache @radix-ui/react-context@https://registry.npmjs.org/@radix-ui/react-context/-/react-context-1.1.2.tgz 0ms (cache hit)
566 http cache @radix-ui/react-collection@https://registry.npmjs.org/@radix-ui/react-collection/-/react-collection-1.1.7.tgz 0ms (cache hit)
567 http cache @radix-ui/react-checkbox@https://registry.npmjs.org/@radix-ui/react-checkbox/-/react-checkbox-1.3.2.tgz 0ms (cache hit)
568 http cache @radix-ui/react-arrow@https://registry.npmjs.org/@radix-ui/react-arrow/-/react-arrow-1.1.7.tgz 0ms (cache hit)
569 http cache @radix-ui/react-avatar@https://registry.npmjs.org/@radix-ui/react-avatar/-/react-avatar-1.1.10.tgz 0ms (cache hit)
570 http cache @nolyfill/is-core-module@https://registry.npmjs.org/@nolyfill/is-core-module/-/is-core-module-1.0.39.tgz 0ms (cache hit)
571 http cache @radix-ui/react-dismissable-layer@https://registry.npmjs.org/@radix-ui/react-dismissable-layer/-/react-dismissable-layer-1.1.10.tgz 0ms (cache hit)
572 http cache @nodelib/fs.walk@https://registry.npmjs.org/@nodelib/fs.walk/-/fs.walk-1.2.8.tgz 0ms (cache hit)
573 http cache @radix-ui/number@https://registry.npmjs.org/@radix-ui/number/-/number-1.1.1.tgz 0ms (cache hit)
574 http cache @nodelib/fs.stat@https://registry.npmjs.org/@nodelib/fs.stat/-/fs.stat-2.0.5.tgz 0ms (cache hit)
575 http cache @radix-ui/react-compose-refs@https://registry.npmjs.org/@radix-ui/react-compose-refs/-/react-compose-refs-1.1.2.tgz 0ms (cache hit)
576 http cache @nodelib/fs.scandir@https://registry.npmjs.org/@nodelib/fs.scandir/-/fs.scandir-2.1.5.tgz 0ms (cache hit)
577 http cache @napi-rs/wasm-runtime@https://registry.npmjs.org/@napi-rs/wasm-runtime/-/wasm-runtime-0.2.12.tgz 0ms (cache hit)
578 http cache @jridgewell/sourcemap-codec@https://registry.npmjs.org/@jridgewell/sourcemap-codec/-/sourcemap-codec-1.5.4.tgz 0ms (cache hit)
579 http cache @next/swc-win32-x64-msvc@https://registry.npmjs.org/@next/swc-win32-x64-msvc/-/swc-win32-x64-msvc-15.4.1.tgz 0ms (cache hit)
580 http cache @next/eslint-plugin-next@https://registry.npmjs.org/@next/eslint-plugin-next/-/eslint-plugin-next-15.4.1.tgz 0ms (cache hit)
581 http cache @jridgewell/trace-mapping@https://registry.npmjs.org/@jridgewell/trace-mapping/-/trace-mapping-0.3.29.tgz 0ms (cache hit)
582 http cache @next/env@https://registry.npmjs.org/@next/env/-/env-15.4.1.tgz 0ms (cache hit)
583 http cache @radix-ui/primitive@https://registry.npmjs.org/@radix-ui/primitive/-/primitive-1.1.2.tgz 0ms (cache hit)
584 http cache @isaacs/fs-minipass@https://registry.npmjs.org/@isaacs/fs-minipass/-/fs-minipass-4.0.1.tgz 0ms (cache hit)
585 http cache @jridgewell/gen-mapping@https://registry.npmjs.org/@jridgewell/gen-mapping/-/gen-mapping-0.3.12.tgz 0ms (cache hit)
586 http cache @humanwhocodes/module-importer@https://registry.npmjs.org/@humanwhocodes/module-importer/-/module-importer-1.0.1.tgz 0ms (cache hit)
587 http cache @humanwhocodes/retry@https://registry.npmjs.org/@humanwhocodes/retry/-/retry-0.4.3.tgz 0ms (cache hit)
588 http cache @floating-ui/utils@https://registry.npmjs.org/@floating-ui/utils/-/utils-0.2.10.tgz 0ms (cache hit)
589 http cache @hookform/resolvers@https://registry.npmjs.org/@hookform/resolvers/-/resolvers-5.1.1.tgz 0ms (cache hit)
590 http cache @jridgewell/resolve-uri@https://registry.npmjs.org/@jridgewell/resolve-uri/-/resolve-uri-3.1.2.tgz 0ms (cache hit)
591 http cache @humanfs/core@https://registry.npmjs.org/@humanfs/core/-/core-0.19.1.tgz 0ms (cache hit)
592 http cache @img/sharp-win32-x64@https://registry.npmjs.org/@img/sharp-win32-x64/-/sharp-win32-x64-0.34.3.tgz 0ms (cache hit)
593 http cache @humanfs/node@https://registry.npmjs.org/@humanfs/node/-/node-0.16.6.tgz 0ms (cache hit)
594 http cache @eslint/plugin-kit@https://registry.npmjs.org/@eslint/plugin-kit/-/plugin-kit-0.3.3.tgz 0ms (cache hit)
595 http cache @eslint/object-schema@https://registry.npmjs.org/@eslint/object-schema/-/object-schema-2.1.6.tgz 0ms (cache hit)
596 http cache @eslint/eslintrc@https://registry.npmjs.org/@eslint/eslintrc/-/eslintrc-3.3.1.tgz 0ms (cache hit)
597 http cache @eslint/js@https://registry.npmjs.org/@eslint/js/-/js-9.31.0.tgz 0ms (cache hit)
598 http cache @floating-ui/react-dom@https://registry.npmjs.org/@floating-ui/react-dom/-/react-dom-2.1.4.tgz 0ms (cache hit)
599 http cache @floating-ui/dom@https://registry.npmjs.org/@floating-ui/dom/-/dom-1.7.2.tgz 0ms (cache hit)
600 http cache @eslint-community/regexpp@https://registry.npmjs.org/@eslint-community/regexpp/-/regexpp-4.12.1.tgz 0ms (cache hit)
601 http cache @floating-ui/core@https://registry.npmjs.org/@floating-ui/core/-/core-1.7.2.tgz 0ms (cache hit)
602 http cache @eslint/core@https://registry.npmjs.org/@eslint/core/-/core-0.15.1.tgz 0ms (cache hit)
603 http cache @eslint-community/eslint-utils@https://registry.npmjs.org/@eslint-community/eslint-utils/-/eslint-utils-4.7.0.tgz 0ms (cache hit)
604 http cache @eslint/config-helpers@https://registry.npmjs.org/@eslint/config-helpers/-/config-helpers-0.3.0.tgz 0ms (cache hit)
605 http cache @eslint/config-array@https://registry.npmjs.org/@eslint/config-array/-/config-array-0.21.0.tgz 0ms (cache hit)
606 http cache @dnd-kit/utilities@https://registry.npmjs.org/@dnd-kit/utilities/-/utilities-3.2.2.tgz 0ms (cache hit)
607 http cache @emnapi/core@https://registry.npmjs.org/@emnapi/core/-/core-1.4.4.tgz 0ms (cache hit)
608 http cache @emnapi/wasi-threads@https://registry.npmjs.org/@emnapi/wasi-threads/-/wasi-threads-1.0.3.tgz 0ms (cache hit)
609 http cache @emnapi/runtime@https://registry.npmjs.org/@emnapi/runtime/-/runtime-1.4.4.tgz 0ms (cache hit)
610 http cache @dnd-kit/sortable@https://registry.npmjs.org/@dnd-kit/sortable/-/sortable-10.0.0.tgz 0ms (cache hit)
611 http cache @babel/runtime@https://registry.npmjs.org/@babel/runtime/-/runtime-7.27.6.tgz 0ms (cache hit)
612 http cache @ampproject/remapping@https://registry.npmjs.org/@ampproject/remapping/-/remapping-2.3.0.tgz 0ms (cache hit)
613 http cache @alloc/quick-lru@https://registry.npmjs.org/@alloc/quick-lru/-/quick-lru-5.2.0.tgz 0ms (cache hit)
614 http cache @dnd-kit/modifiers@https://registry.npmjs.org/@dnd-kit/modifiers/-/modifiers-9.0.0.tgz 0ms (cache hit)
615 http cache picomatch@https://registry.npmjs.org/picomatch/-/picomatch-4.0.3.tgz 0ms (cache hit)
616 http cache @dnd-kit/core@https://registry.npmjs.org/@dnd-kit/core/-/core-6.3.1.tgz 0ms (cache hit)
617 http cache @dnd-kit/accessibility@https://registry.npmjs.org/@dnd-kit/accessibility/-/accessibility-3.1.1.tgz 0ms (cache hit)
618 http cache react-is@https://registry.npmjs.org/react-is/-/react-is-18.3.1.tgz 0ms (cache hit)
619 http cache fdir@https://registry.npmjs.org/fdir/-/fdir-6.4.6.tgz 0ms (cache hit)
620 http cache glob-parent@https://registry.npmjs.org/glob-parent/-/glob-parent-5.1.2.tgz 0ms (cache hit)
621 http cache semver@https://registry.npmjs.org/semver/-/semver-6.3.1.tgz 0ms (cache hit)
622 http cache debug@https://registry.npmjs.org/debug/-/debug-3.2.7.tgz 0ms (cache hit)
623 http cache semver@https://registry.npmjs.org/semver/-/semver-6.3.1.tgz 0ms (cache hit)
624 http cache postcss@https://registry.npmjs.org/postcss/-/postcss-8.4.31.tgz 0ms (cache hit)
625 http cache resolve@https://registry.npmjs.org/resolve/-/resolve-2.0.0-next.5.tgz 0ms (cache hit)
626 http cache debug@https://registry.npmjs.org/debug/-/debug-3.2.7.tgz 0ms (cache hit)
627 http cache debug@https://registry.npmjs.org/debug/-/debug-3.2.7.tgz 0ms (cache hit)
628 http cache glob-parent@https://registry.npmjs.org/glob-parent/-/glob-parent-5.1.2.tgz 0ms (cache hit)
629 http cache ignore@https://registry.npmjs.org/ignore/-/ignore-7.0.5.tgz 0ms (cache hit)
630 http cache minimatch@https://registry.npmjs.org/minimatch/-/minimatch-9.0.5.tgz 0ms (cache hit)
631 http cache fast-glob@https://registry.npmjs.org/fast-glob/-/fast-glob-3.3.3.tgz 0ms (cache hit)
632 http cache brace-expansion@https://registry.npmjs.org/brace-expansion/-/brace-expansion-2.0.2.tgz 1ms (cache hit)
633 silly tarball no local data for zod@https://registry.npmjs.org/zod/-/zod-4.0.5.tgz. Extracting by manifest.
634 silly tarball no local data for yocto-queue@https://registry.npmjs.org/yocto-queue/-/yocto-queue-0.1.0.tgz. Extracting by manifest.
635 silly tarball no local data for word-wrap@https://registry.npmjs.org/word-wrap/-/word-wrap-1.2.5.tgz. Extracting by manifest.
636 silly tarball no local data for which-typed-array@https://registry.npmjs.org/which-typed-array/-/which-typed-array-1.1.19.tgz. Extracting by manifest.
637 silly tarball no local data for yallist@https://registry.npmjs.org/yallist/-/yallist-5.0.0.tgz. Extracting by manifest.
638 silly tarball no local data for which-collection@https://registry.npmjs.org/which-collection/-/which-collection-1.0.2.tgz. Extracting by manifest.
639 silly tarball no local data for which-builtin-type@https://registry.npmjs.org/which-builtin-type/-/which-builtin-type-1.2.1.tgz. Extracting by manifest.
640 silly tarball no local data for which-boxed-primitive@https://registry.npmjs.org/which-boxed-primitive/-/which-boxed-primitive-1.1.1.tgz. Extracting by manifest.
641 silly tarball no local data for which@https://registry.npmjs.org/which/-/which-2.0.2.tgz. Extracting by manifest.
642 silly tarball no local data for victory-vendor@https://registry.npmjs.org/victory-vendor/-/victory-vendor-36.9.2.tgz. Extracting by manifest.
643 silly tarball no local data for vaul@https://registry.npmjs.org/vaul/-/vaul-1.1.2.tgz. Extracting by manifest.
644 silly tarball no local data for use-sync-external-store@https://registry.npmjs.org/use-sync-external-store/-/use-sync-external-store-1.5.0.tgz. Extracting by manifest.
645 silly tarball no local data for use-sidecar@https://registry.npmjs.org/use-sidecar/-/use-sidecar-1.1.3.tgz. Extracting by manifest.
646 silly tarball no local data for use-callback-ref@https://registry.npmjs.org/use-callback-ref/-/use-callback-ref-1.3.3.tgz. Extracting by manifest.
647 silly tarball no local data for uri-js@https://registry.npmjs.org/uri-js/-/uri-js-4.4.1.tgz. Extracting by manifest.
648 silly tarball no local data for undici-types@https://registry.npmjs.org/undici-types/-/undici-types-6.21.0.tgz. Extracting by manifest.
649 http cache @humanwhocodes/retry@https://registry.npmjs.org/@humanwhocodes/retry/-/retry-0.3.1.tgz 0ms (cache hit)
650 http cache eslint-visitor-keys@https://registry.npmjs.org/eslint-visitor-keys/-/eslint-visitor-keys-3.4.3.tgz 0ms (cache hit)
651 silly tarball no local data for unbox-primitive@https://registry.npmjs.org/unbox-primitive/-/unbox-primitive-1.1.0.tgz. Extracting by manifest.
652 silly tarball no local data for unrs-resolver@https://registry.npmjs.org/unrs-resolver/-/unrs-resolver-1.11.1.tgz. Extracting by manifest.
653 silly tarball no local data for typed-array-byte-offset@https://registry.npmjs.org/typed-array-byte-offset/-/typed-array-byte-offset-1.0.4.tgz. Extracting by manifest.
654 silly tarball no local data for typescript@https://registry.npmjs.org/typescript/-/typescript-5.9.2.tgz. Extracting by manifest.
655 silly tarball no local data for typed-array-byte-length@https://registry.npmjs.org/typed-array-byte-length/-/typed-array-byte-length-1.0.3.tgz. Extracting by manifest.
656 silly tarball no local data for typed-array-buffer@https://registry.npmjs.org/typed-array-buffer/-/typed-array-buffer-1.0.3.tgz. Extracting by manifest.
657 silly tarball no local data for typed-array-length@https://registry.npmjs.org/typed-array-length/-/typed-array-length-1.0.7.tgz. Extracting by manifest.
658 silly tarball no local data for tw-animate-css@https://registry.npmjs.org/tw-animate-css/-/tw-animate-css-1.3.5.tgz. Extracting by manifest.
659 silly tarball no local data for tslib@https://registry.npmjs.org/tslib/-/tslib-2.8.1.tgz. Extracting by manifest.
660 silly tarball no local data for type-check@https://registry.npmjs.org/type-check/-/type-check-0.4.0.tgz. Extracting by manifest.
661 silly tarball no local data for tsconfig-paths@https://registry.npmjs.org/tsconfig-paths/-/tsconfig-paths-3.15.0.tgz. Extracting by manifest.
662 silly tarball no local data for ts-api-utils@https://registry.npmjs.org/ts-api-utils/-/ts-api-utils-2.1.0.tgz. Extracting by manifest.
663 silly tarball no local data for to-regex-range@https://registry.npmjs.org/to-regex-range/-/to-regex-range-5.0.1.tgz. Extracting by manifest.
664 silly tarball no local data for tinyglobby@https://registry.npmjs.org/tinyglobby/-/tinyglobby-0.2.14.tgz. Extracting by manifest.
665 silly tarball no local data for tar@https://registry.npmjs.org/tar/-/tar-7.4.3.tgz. Extracting by manifest.
666 silly tarball no local data for tiny-invariant@https://registry.npmjs.org/tiny-invariant/-/tiny-invariant-1.3.3.tgz. Extracting by manifest.
667 silly tarball no local data for tapable@https://registry.npmjs.org/tapable/-/tapable-2.2.2.tgz. Extracting by manifest.
668 silly tarball no local data for tailwindcss@https://registry.npmjs.org/tailwindcss/-/tailwindcss-4.1.11.tgz. Extracting by manifest.
669 silly tarball no local data for tailwind-merge@https://registry.npmjs.org/tailwind-merge/-/tailwind-merge-3.3.1.tgz. Extracting by manifest.
670 silly tarball no local data for supports-color@https://registry.npmjs.org/supports-color/-/supports-color-7.2.0.tgz. Extracting by manifest.
671 silly tarball no local data for strip-json-comments@https://registry.npmjs.org/strip-json-comments/-/strip-json-comments-3.1.1.tgz. Extracting by manifest.
672 silly tarball no local data for thumbhash@https://registry.npmjs.org/thumbhash/-/thumbhash-0.1.1.tgz. Extracting by manifest.
673 silly tarball no local data for strip-bom@https://registry.npmjs.org/strip-bom/-/strip-bom-3.0.0.tgz. Extracting by manifest.
674 silly tarball no local data for string.prototype.trimstart@https://registry.npmjs.org/string.prototype.trimstart/-/string.prototype.trimstart-1.0.8.tgz. Extracting by manifest.
675 silly tarball no local data for string.prototype.trimend@https://registry.npmjs.org/string.prototype.trimend/-/string.prototype.trimend-1.0.9.tgz. Extracting by manifest.
676 silly tarball no local data for string.prototype.trim@https://registry.npmjs.org/string.prototype.trim/-/string.prototype.trim-1.2.10.tgz. Extracting by manifest.
677 silly tarball no local data for string.prototype.repeat@https://registry.npmjs.org/string.prototype.repeat/-/string.prototype.repeat-1.0.0.tgz. Extracting by manifest.
678 silly tarball no local data for string.prototype.matchall@https://registry.npmjs.org/string.prototype.matchall/-/string.prototype.matchall-4.0.12.tgz. Extracting by manifest.
679 silly tarball no local data for supports-preserve-symlinks-flag@https://registry.npmjs.org/supports-preserve-symlinks-flag/-/supports-preserve-symlinks-flag-1.0.0.tgz. Extracting by manifest.
680 silly tarball no local data for string.prototype.includes@https://registry.npmjs.org/string.prototype.includes/-/string.prototype.includes-2.0.1.tgz. Extracting by manifest.
681 silly tarball no local data for stop-iteration-iterator@https://registry.npmjs.org/stop-iteration-iterator/-/stop-iteration-iterator-1.1.0.tgz. Extracting by manifest.
682 silly tarball no local data for styled-jsx@https://registry.npmjs.org/styled-jsx/-/styled-jsx-5.1.6.tgz. Extracting by manifest.
683 silly tarball no local data for stable-hash@https://registry.npmjs.org/stable-hash/-/stable-hash-0.0.5.tgz. Extracting by manifest.
684 silly tarball no local data for sonner@https://registry.npmjs.org/sonner/-/sonner-2.0.6.tgz. Extracting by manifest.
685 silly tarball no local data for source-map-js@https://registry.npmjs.org/source-map-js/-/source-map-js-1.2.1.tgz. Extracting by manifest.
686 silly tarball no local data for simple-swizzle@https://registry.npmjs.org/simple-swizzle/-/simple-swizzle-0.2.2.tgz. Extracting by manifest.
687 silly tarball no local data for side-channel-map@https://registry.npmjs.org/side-channel-map/-/side-channel-map-1.0.1.tgz. Extracting by manifest.
688 silly tarball no local data for side-channel-weakmap@https://registry.npmjs.org/side-channel-weakmap/-/side-channel-weakmap-1.0.2.tgz. Extracting by manifest.
689 silly tarball no local data for side-channel@https://registry.npmjs.org/side-channel/-/side-channel-1.1.0.tgz. Extracting by manifest.
690 silly tarball no local data for shebang-command@https://registry.npmjs.org/shebang-command/-/shebang-command-2.0.0.tgz. Extracting by manifest.
691 silly tarball no local data for shebang-regex@https://registry.npmjs.org/shebang-regex/-/shebang-regex-3.0.0.tgz. Extracting by manifest.
692 silly tarball no local data for set-proto@https://registry.npmjs.org/set-proto/-/set-proto-1.0.0.tgz. Extracting by manifest.
693 silly tarball no local data for sharp@https://registry.npmjs.org/sharp/-/sharp-0.34.3.tgz. Extracting by manifest.
694 silly tarball no local data for side-channel-list@https://registry.npmjs.org/side-channel-list/-/side-channel-list-1.0.0.tgz. Extracting by manifest.
695 silly tarball no local data for set-function-length@https://registry.npmjs.org/set-function-length/-/set-function-length-1.2.2.tgz. Extracting by manifest.
696 silly tarball no local data for set-function-name@https://registry.npmjs.org/set-function-name/-/set-function-name-2.0.2.tgz. Extracting by manifest.
697 silly tarball no local data for semver@https://registry.npmjs.org/semver/-/semver-7.7.2.tgz. Extracting by manifest.
698 silly tarball no local data for set-cookie-parser@https://registry.npmjs.org/set-cookie-parser/-/set-cookie-parser-2.7.1.tgz. Extracting by manifest.
699 silly tarball no local data for scheduler@https://registry.npmjs.org/scheduler/-/scheduler-0.26.0.tgz. Extracting by manifest.
700 silly tarball no local data for safe-regex-test@https://registry.npmjs.org/safe-regex-test/-/safe-regex-test-1.1.0.tgz. Extracting by manifest.
701 silly tarball no local data for safe-push-apply@https://registry.npmjs.org/safe-push-apply/-/safe-push-apply-1.0.0.tgz. Extracting by manifest.
702 silly tarball no local data for safe-array-concat@https://registry.npmjs.org/safe-array-concat/-/safe-array-concat-1.1.3.tgz. Extracting by manifest.
703 silly tarball no local data for run-parallel@https://registry.npmjs.org/run-parallel/-/run-parallel-1.2.0.tgz. Extracting by manifest.
704 silly tarball no local data for semver-compare@https://registry.npmjs.org/semver-compare/-/semver-compare-1.0.0.tgz. Extracting by manifest.
705 silly tarball no local data for reusify@https://registry.npmjs.org/reusify/-/reusify-1.1.0.tgz. Extracting by manifest.
706 silly tarball no local data for resolve-from@https://registry.npmjs.org/resolve-from/-/resolve-from-4.0.0.tgz. Extracting by manifest.
707 silly tarball no local data for resolve-pkg-maps@https://registry.npmjs.org/resolve-pkg-maps/-/resolve-pkg-maps-1.0.0.tgz. Extracting by manifest.
708 silly tarball no local data for resolve@https://registry.npmjs.org/resolve/-/resolve-1.22.10.tgz. Extracting by manifest.
709 silly tarball no local data for reflect.getprototypeof@https://registry.npmjs.org/reflect.getprototypeof/-/reflect.getprototypeof-1.0.10.tgz. Extracting by manifest.
710 silly tarball no local data for regexp.prototype.flags@https://registry.npmjs.org/regexp.prototype.flags/-/regexp.prototype.flags-1.5.4.tgz. Extracting by manifest.
711 silly tarball no local data for recharts-scale@https://registry.npmjs.org/recharts-scale/-/recharts-scale-0.4.5.tgz. Extracting by manifest.
712 silly tarball no local data for recharts@https://registry.npmjs.org/recharts/-/recharts-2.15.4.tgz. Extracting by manifest.
713 silly tarball no local data for react-transition-group@https://registry.npmjs.org/react-transition-group/-/react-transition-group-4.4.5.tgz. Extracting by manifest.
714 silly tarball no local data for react-smooth@https://registry.npmjs.org/react-smooth/-/react-smooth-4.0.4.tgz. Extracting by manifest.
715 silly tarball no local data for react-style-singleton@https://registry.npmjs.org/react-style-singleton/-/react-style-singleton-2.2.3.tgz. Extracting by manifest.
716 silly tarball no local data for react-router-dom@https://registry.npmjs.org/react-router-dom/-/react-router-dom-7.7.0.tgz. Extracting by manifest.
717 silly tarball no local data for react-router@https://registry.npmjs.org/react-router/-/react-router-7.7.0.tgz. Extracting by manifest.
718 silly tarball no local data for react-remove-scroll-bar@https://registry.npmjs.org/react-remove-scroll-bar/-/react-remove-scroll-bar-2.3.8.tgz. Extracting by manifest.
719 silly tarball no local data for react-remove-scroll@https://registry.npmjs.org/react-remove-scroll/-/react-remove-scroll-2.7.1.tgz. Extracting by manifest.
720 silly tarball no local data for react-merge-refs@https://registry.npmjs.org/react-merge-refs/-/react-merge-refs-2.1.1.tgz. Extracting by manifest.
721 silly tarball no local data for react-is@https://registry.npmjs.org/react-is/-/react-is-16.13.1.tgz. Extracting by manifest.
722 silly tarball no local data for react-icons@https://registry.npmjs.org/react-icons/-/react-icons-5.5.0.tgz. Extracting by manifest.
723 silly tarball no local data for react-dom@https://registry.npmjs.org/react-dom/-/react-dom-19.1.0.tgz. Extracting by manifest.
724 silly tarball no local data for queue-microtask@https://registry.npmjs.org/queue-microtask/-/queue-microtask-1.2.3.tgz. Extracting by manifest.
725 silly tarball no local data for react-hook-form@https://registry.npmjs.org/react-hook-form/-/react-hook-form-7.60.0.tgz. Extracting by manifest.
726 silly tarball no local data for punycode@https://registry.npmjs.org/punycode/-/punycode-2.3.1.tgz. Extracting by manifest.
727 silly tarball no local data for proxy-from-env@https://registry.npmjs.org/proxy-from-env/-/proxy-from-env-1.1.0.tgz. Extracting by manifest.
728 silly tarball no local data for prop-types@https://registry.npmjs.org/prop-types/-/prop-types-15.8.1.tgz. Extracting by manifest.
729 silly tarball no local data for postcss@https://registry.npmjs.org/postcss/-/postcss-8.5.6.tgz. Extracting by manifest.
730 silly tarball no local data for prelude-ls@https://registry.npmjs.org/prelude-ls/-/prelude-ls-1.2.1.tgz. Extracting by manifest.
731 silly tarball no local data for possible-typed-array-names@https://registry.npmjs.org/possible-typed-array-names/-/possible-typed-array-names-1.1.0.tgz. Extracting by manifest.
732 silly tarball no local data for picomatch@https://registry.npmjs.org/picomatch/-/picomatch-2.3.1.tgz. Extracting by manifest.
733 silly tarball no local data for path-parse@https://registry.npmjs.org/path-parse/-/path-parse-1.0.7.tgz. Extracting by manifest.
734 silly tarball no local data for path-key@https://registry.npmjs.org/path-key/-/path-key-3.1.1.tgz. Extracting by manifest.
735 silly tarball no local data for picocolors@https://registry.npmjs.org/picocolors/-/picocolors-1.1.1.tgz. Extracting by manifest.
736 silly tarball no local data for react@https://registry.npmjs.org/react/-/react-19.1.0.tgz. Extracting by manifest.
737 silly tarball no local data for path-exists@https://registry.npmjs.org/path-exists/-/path-exists-4.0.0.tgz. Extracting by manifest.
738 silly tarball no local data for parent-module@https://registry.npmjs.org/parent-module/-/parent-module-1.0.1.tgz. Extracting by manifest.
739 silly tarball no local data for p-locate@https://registry.npmjs.org/p-locate/-/p-locate-5.0.0.tgz. Extracting by manifest.
740 silly tarball no local data for p-limit@https://registry.npmjs.org/p-limit/-/p-limit-3.1.0.tgz. Extracting by manifest.
741 silly tarball no local data for own-keys@https://registry.npmjs.org/own-keys/-/own-keys-1.0.1.tgz. Extracting by manifest.
742 silly tarball no local data for optionator@https://registry.npmjs.org/optionator/-/optionator-0.9.4.tgz. Extracting by manifest.
743 silly tarball no local data for object.values@https://registry.npmjs.org/object.values/-/object.values-1.2.1.tgz. Extracting by manifest.
744 silly tarball no local data for on-change@https://registry.npmjs.org/on-change/-/on-change-4.0.0.tgz. Extracting by manifest.
745 silly tarball no local data for object.entries@https://registry.npmjs.org/object.entries/-/object.entries-1.1.9.tgz. Extracting by manifest.
746 silly tarball no local data for object.groupby@https://registry.npmjs.org/object.groupby/-/object.groupby-1.0.3.tgz. Extracting by manifest.
747 silly tarball no local data for object.fromentries@https://registry.npmjs.org/object.fromentries/-/object.fromentries-2.0.8.tgz. Extracting by manifest.
748 silly tarball no local data for object-keys@https://registry.npmjs.org/object-keys/-/object-keys-1.1.1.tgz. Extracting by manifest.
749 silly tarball no local data for object.assign@https://registry.npmjs.org/object.assign/-/object.assign-4.1.7.tgz. Extracting by manifest.
750 silly tarball no local data for object-assign@https://registry.npmjs.org/object-assign/-/object-assign-4.1.1.tgz. Extracting by manifest.
751 silly tarball no local data for object-inspect@https://registry.npmjs.org/object-inspect/-/object-inspect-1.13.4.tgz. Extracting by manifest.
752 silly tarball no local data for next-themes@https://registry.npmjs.org/next-themes/-/next-themes-0.4.6.tgz. Extracting by manifest.
753 silly tarball no local data for natural-compare@https://registry.npmjs.org/natural-compare/-/natural-compare-1.4.0.tgz. Extracting by manifest.
754 silly tarball no local data for nanoid@https://registry.npmjs.org/nanoid/-/nanoid-3.3.11.tgz. Extracting by manifest.
755 silly tarball no local data for next@https://registry.npmjs.org/next/-/next-15.4.1.tgz. Extracting by manifest.
756 silly tarball no local data for napi-postinstall@https://registry.npmjs.org/napi-postinstall/-/napi-postinstall-0.3.0.tgz. Extracting by manifest.
757 silly tarball no local data for motion-dom@https://registry.npmjs.org/motion-dom/-/motion-dom-12.23.6.tgz. Extracting by manifest.
758 silly tarball no local data for motion@https://registry.npmjs.org/motion/-/motion-12.23.6.tgz. Extracting by manifest.
759 silly tarball no local data for mkdirp@https://registry.npmjs.org/mkdirp/-/mkdirp-3.0.1.tgz. Extracting by manifest.
760 silly tarball no local data for ms@https://registry.npmjs.org/ms/-/ms-2.1.3.tgz. Extracting by manifest.
761 silly tarball no local data for minizlib@https://registry.npmjs.org/minizlib/-/minizlib-3.0.2.tgz. Extracting by manifest.
762 silly tarball no local data for minipass@https://registry.npmjs.org/minipass/-/minipass-7.1.2.tgz. Extracting by manifest.
763 silly tarball no local data for minimist@https://registry.npmjs.org/minimist/-/minimist-1.2.8.tgz. Extracting by manifest.
764 silly tarball no local data for motion-utils@https://registry.npmjs.org/motion-utils/-/motion-utils-12.23.6.tgz. Extracting by manifest.
765 silly tarball no local data for mime-types@https://registry.npmjs.org/mime-types/-/mime-types-2.1.35.tgz. Extracting by manifest.
766 silly tarball no local data for minimatch@https://registry.npmjs.org/minimatch/-/minimatch-3.1.2.tgz. Extracting by manifest.
767 silly tarball no local data for mime-db@https://registry.npmjs.org/mime-db/-/mime-db-1.52.0.tgz. Extracting by manifest.
768 silly tarball no local data for merge2@https://registry.npmjs.org/merge2/-/merge2-1.4.1.tgz. Extracting by manifest.
769 silly tarball no local data for micromatch@https://registry.npmjs.org/micromatch/-/micromatch-4.0.8.tgz. Extracting by manifest.
770 silly tarball no local data for lucide-react@https://registry.npmjs.org/lucide-react/-/lucide-react-0.525.0.tgz. Extracting by manifest.
771 silly tarball no local data for magic-string@https://registry.npmjs.org/magic-string/-/magic-string-0.30.17.tgz. Extracting by manifest.
772 silly tarball no local data for loose-envify@https://registry.npmjs.org/loose-envify/-/loose-envify-1.4.0.tgz. Extracting by manifest.
773 silly tarball no local data for lodash.merge@https://registry.npmjs.org/lodash.merge/-/lodash.merge-4.6.2.tgz. Extracting by manifest.
774 silly tarball no local data for lodash.debounce@https://registry.npmjs.org/lodash.debounce/-/lodash.debounce-4.0.8.tgz. Extracting by manifest.
775 silly tarball no local data for locate-path@https://registry.npmjs.org/locate-path/-/locate-path-6.0.0.tgz. Extracting by manifest.
776 silly tarball no local data for lodash@https://registry.npmjs.org/lodash/-/lodash-4.17.21.tgz. Extracting by manifest.
777 silly tarball no local data for lightningcss-win32-x64-msvc@https://registry.npmjs.org/lightningcss-win32-x64-msvc/-/lightningcss-win32-x64-msvc-1.30.1.tgz. Extracting by manifest.
778 silly tarball no local data for lightningcss@https://registry.npmjs.org/lightningcss/-/lightningcss-1.30.1.tgz. Extracting by manifest.
779 silly tarball no local data for math-intrinsics@https://registry.npmjs.org/math-intrinsics/-/math-intrinsics-1.1.0.tgz. Extracting by manifest.
780 silly tarball no local data for levn@https://registry.npmjs.org/levn/-/levn-0.4.1.tgz. Extracting by manifest.
781 silly tarball no local data for language-subtag-registry@https://registry.npmjs.org/language-subtag-registry/-/language-subtag-registry-0.3.23.tgz. Extracting by manifest.
782 silly tarball no local data for language-tags@https://registry.npmjs.org/language-tags/-/language-tags-1.0.9.tgz. Extracting by manifest.
783 silly tarball no local data for jsx-ast-utils@https://registry.npmjs.org/jsx-ast-utils/-/jsx-ast-utils-3.3.5.tgz. Extracting by manifest.
784 silly tarball no local data for keyv@https://registry.npmjs.org/keyv/-/keyv-4.5.4.tgz. Extracting by manifest.
785 silly tarball no local data for json5@https://registry.npmjs.org/json5/-/json5-1.0.2.tgz. Extracting by manifest.
786 silly tarball no local data for json-stable-stringify-without-jsonify@https://registry.npmjs.org/json-stable-stringify-without-jsonify/-/json-stable-stringify-without-jsonify-1.0.1.tgz. Extracting by manifest.
787 silly tarball no local data for json-schema-traverse@https://registry.npmjs.org/json-schema-traverse/-/json-schema-traverse-0.4.1.tgz. Extracting by manifest.
788 silly tarball no local data for json-buffer@https://registry.npmjs.org/json-buffer/-/json-buffer-3.0.1.tgz. Extracting by manifest.
789 silly tarball no local data for js-tokens@https://registry.npmjs.org/js-tokens/-/js-tokens-4.0.0.tgz. Extracting by manifest.
790 silly tarball no local data for jiti@https://registry.npmjs.org/jiti/-/jiti-2.4.2.tgz. Extracting by manifest.
791 silly tarball no local data for iterator.prototype@https://registry.npmjs.org/iterator.prototype/-/iterator.prototype-1.1.5.tgz. Extracting by manifest.
792 silly tarball no local data for isexe@https://registry.npmjs.org/isexe/-/isexe-2.0.0.tgz. Extracting by manifest.
793 silly tarball no local data for isarray@https://registry.npmjs.org/isarray/-/isarray-2.0.5.tgz. Extracting by manifest.
794 silly tarball no local data for js-yaml@https://registry.npmjs.org/js-yaml/-/js-yaml-4.1.0.tgz. Extracting by manifest.
795 silly tarball no local data for is-weakset@https://registry.npmjs.org/is-weakset/-/is-weakset-2.0.4.tgz. Extracting by manifest.
796 silly tarball no local data for is-weakref@https://registry.npmjs.org/is-weakref/-/is-weakref-1.1.1.tgz. Extracting by manifest.
797 silly tarball no local data for is-weakmap@https://registry.npmjs.org/is-weakmap/-/is-weakmap-2.0.2.tgz. Extracting by manifest.
798 silly tarball no local data for is-symbol@https://registry.npmjs.org/is-symbol/-/is-symbol-1.1.1.tgz. Extracting by manifest.
799 silly tarball no local data for is-string@https://registry.npmjs.org/is-string/-/is-string-1.1.1.tgz. Extracting by manifest.
800 silly tarball no local data for is-shared-array-buffer@https://registry.npmjs.org/is-shared-array-buffer/-/is-shared-array-buffer-1.0.4.tgz. Extracting by manifest.
801 silly tarball no local data for is-set@https://registry.npmjs.org/is-set/-/is-set-2.0.3.tgz. Extracting by manifest.
802 silly tarball no local data for is-typed-array@https://registry.npmjs.org/is-typed-array/-/is-typed-array-1.1.15.tgz. Extracting by manifest.
803 silly tarball no local data for is-number-object@https://registry.npmjs.org/is-number-object/-/is-number-object-1.1.1.tgz. Extracting by manifest.
804 silly tarball no local data for is-regex@https://registry.npmjs.org/is-regex/-/is-regex-1.2.1.tgz. Extracting by manifest.
805 silly tarball no local data for is-number@https://registry.npmjs.org/is-number/-/is-number-7.0.0.tgz. Extracting by manifest.
806 silly tarball no local data for is-negative-zero@https://registry.npmjs.org/is-negative-zero/-/is-negative-zero-2.0.3.tgz. Extracting by manifest.
807 silly tarball no local data for is-glob@https://registry.npmjs.org/is-glob/-/is-glob-4.0.3.tgz. Extracting by manifest.
808 silly tarball no local data for is-generator-function@https://registry.npmjs.org/is-generator-function/-/is-generator-function-1.1.0.tgz. Extracting by manifest.
809 silly tarball no local data for is-finalizationregistry@https://registry.npmjs.org/is-finalizationregistry/-/is-finalizationregistry-1.1.1.tgz. Extracting by manifest.
810 silly tarball no local data for is-extglob@https://registry.npmjs.org/is-extglob/-/is-extglob-2.1.1.tgz. Extracting by manifest.
811 silly tarball no local data for is-callable@https://registry.npmjs.org/is-callable/-/is-callable-1.2.7.tgz. Extracting by manifest.
812 silly tarball no local data for is-date-object@https://registry.npmjs.org/is-date-object/-/is-date-object-1.1.0.tgz. Extracting by manifest.
813 silly tarball no local data for is-map@https://registry.npmjs.org/is-map/-/is-map-2.0.3.tgz. Extracting by manifest.
814 silly tarball no local data for is-bun-module@https://registry.npmjs.org/is-bun-module/-/is-bun-module-2.0.0.tgz. Extracting by manifest.
815 silly tarball no local data for is-core-module@https://registry.npmjs.org/is-core-module/-/is-core-module-2.16.1.tgz. Extracting by manifest.
816 silly tarball no local data for is-boolean-object@https://registry.npmjs.org/is-boolean-object/-/is-boolean-object-1.2.2.tgz. Extracting by manifest.
817 silly tarball no local data for is-data-view@https://registry.npmjs.org/is-data-view/-/is-data-view-1.0.2.tgz. Extracting by manifest.
818 silly tarball no local data for is-async-function@https://registry.npmjs.org/is-async-function/-/is-async-function-2.1.1.tgz. Extracting by manifest.
819 silly tarball no local data for is-arrayish@https://registry.npmjs.org/is-arrayish/-/is-arrayish-0.3.2.tgz. Extracting by manifest.
820 silly tarball no local data for internmap@https://registry.npmjs.org/internmap/-/internmap-2.0.3.tgz. Extracting by manifest.
821 silly tarball no local data for is-array-buffer@https://registry.npmjs.org/is-array-buffer/-/is-array-buffer-3.0.5.tgz. Extracting by manifest.
822 silly tarball no local data for imurmurhash@https://registry.npmjs.org/imurmurhash/-/imurmurhash-0.1.4.tgz. Extracting by manifest.
823 silly tarball no local data for is-bigint@https://registry.npmjs.org/is-bigint/-/is-bigint-1.1.0.tgz. Extracting by manifest.
824 silly tarball no local data for import-fresh@https://registry.npmjs.org/import-fresh/-/import-fresh-3.3.1.tgz. Extracting by manifest.
825 silly tarball no local data for ignore@https://registry.npmjs.org/ignore/-/ignore-5.3.2.tgz. Extracting by manifest.
826 silly tarball no local data for internal-slot@https://registry.npmjs.org/internal-slot/-/internal-slot-1.1.0.tgz. Extracting by manifest.
827 silly tarball no local data for has-tostringtag@https://registry.npmjs.org/has-tostringtag/-/has-tostringtag-1.0.2.tgz. Extracting by manifest.
828 silly tarball no local data for hasown@https://registry.npmjs.org/hasown/-/hasown-2.0.2.tgz. Extracting by manifest.
829 silly tarball no local data for has-proto@https://registry.npmjs.org/has-proto/-/has-proto-1.2.0.tgz. Extracting by manifest.
830 silly tarball no local data for has-property-descriptors@https://registry.npmjs.org/has-property-descriptors/-/has-property-descriptors-1.0.2.tgz. Extracting by manifest.
831 silly tarball no local data for has-symbols@https://registry.npmjs.org/has-symbols/-/has-symbols-1.1.0.tgz. Extracting by manifest.
832 silly tarball no local data for has-bigints@https://registry.npmjs.org/has-bigints/-/has-bigints-1.1.0.tgz. Extracting by manifest.
833 silly tarball no local data for graphemer@https://registry.npmjs.org/graphemer/-/graphemer-1.4.0.tgz. Extracting by manifest.
834 silly tarball no local data for has-flag@https://registry.npmjs.org/has-flag/-/has-flag-4.0.0.tgz. Extracting by manifest.
835 silly tarball no local data for graceful-fs@https://registry.npmjs.org/graceful-fs/-/graceful-fs-4.2.11.tgz. Extracting by manifest.
836 silly tarball no local data for gopd@https://registry.npmjs.org/gopd/-/gopd-1.2.0.tgz. Extracting by manifest.
837 silly tarball no local data for globalthis@https://registry.npmjs.org/globalthis/-/globalthis-1.0.4.tgz. Extracting by manifest.
838 silly tarball no local data for globals@https://registry.npmjs.org/globals/-/globals-14.0.0.tgz. Extracting by manifest.
839 silly tarball no local data for glob-parent@https://registry.npmjs.org/glob-parent/-/glob-parent-6.0.2.tgz. Extracting by manifest.
840 silly tarball no local data for get-tsconfig@https://registry.npmjs.org/get-tsconfig/-/get-tsconfig-4.10.1.tgz. Extracting by manifest.
841 silly tarball no local data for get-symbol-description@https://registry.npmjs.org/get-symbol-description/-/get-symbol-description-1.1.0.tgz. Extracting by manifest.
842 silly tarball no local data for get-proto@https://registry.npmjs.org/get-proto/-/get-proto-1.0.1.tgz. Extracting by manifest.
843 silly tarball no local data for get-nonce@https://registry.npmjs.org/get-nonce/-/get-nonce-1.0.1.tgz. Extracting by manifest.
844 silly tarball no local data for get-intrinsic@https://registry.npmjs.org/get-intrinsic/-/get-intrinsic-1.3.0.tgz. Extracting by manifest.
845 silly tarball no local data for function.prototype.name@https://registry.npmjs.org/function.prototype.name/-/function.prototype.name-1.1.8.tgz. Extracting by manifest.
846 silly tarball no local data for function-bind@https://registry.npmjs.org/function-bind/-/function-bind-1.1.2.tgz. Extracting by manifest.
847 silly tarball no local data for form-data@https://registry.npmjs.org/form-data/-/form-data-4.0.4.tgz. Extracting by manifest.
848 silly tarball no local data for framer-motion@https://registry.npmjs.org/framer-motion/-/framer-motion-12.23.6.tgz. Extracting by manifest.
849 silly tarball no local data for functions-have-names@https://registry.npmjs.org/functions-have-names/-/functions-have-names-1.2.3.tgz. Extracting by manifest.
850 silly tarball no local data for for-each@https://registry.npmjs.org/for-each/-/for-each-0.3.5.tgz. Extracting by manifest.
851 silly tarball no local data for follow-redirects@https://registry.npmjs.org/follow-redirects/-/follow-redirects-1.15.9.tgz. Extracting by manifest.
852 silly tarball no local data for flatted@https://registry.npmjs.org/flatted/-/flatted-3.3.3.tgz. Extracting by manifest.
853 silly tarball no local data for find-up@https://registry.npmjs.org/find-up/-/find-up-5.0.0.tgz. Extracting by manifest.
854 silly tarball no local data for flat-cache@https://registry.npmjs.org/flat-cache/-/flat-cache-4.0.1.tgz. Extracting by manifest.
855 silly tarball no local data for fill-range@https://registry.npmjs.org/fill-range/-/fill-range-7.1.1.tgz. Extracting by manifest.
856 silly tarball no local data for file-entry-cache@https://registry.npmjs.org/file-entry-cache/-/file-entry-cache-8.0.0.tgz. Extracting by manifest.
857 silly tarball no local data for fast-json-stable-stringify@https://registry.npmjs.org/fast-json-stable-stringify/-/fast-json-stable-stringify-2.1.0.tgz. Extracting by manifest.
858 silly tarball no local data for fast-glob@https://registry.npmjs.org/fast-glob/-/fast-glob-3.3.1.tgz. Extracting by manifest.
859 silly tarball no local data for fast-equals@https://registry.npmjs.org/fast-equals/-/fast-equals-5.2.2.tgz. Extracting by manifest.
860 silly tarball no local data for fast-deep-equal@https://registry.npmjs.org/fast-deep-equal/-/fast-deep-equal-3.1.3.tgz. Extracting by manifest.
861 silly tarball no local data for eventemitter3@https://registry.npmjs.org/eventemitter3/-/eventemitter3-4.0.7.tgz. Extracting by manifest.
862 silly tarball no local data for esutils@https://registry.npmjs.org/esutils/-/esutils-2.0.3.tgz. Extracting by manifest.
863 silly tarball no local data for estraverse@https://registry.npmjs.org/estraverse/-/estraverse-5.3.0.tgz. Extracting by manifest.
864 silly tarball no local data for esquery@https://registry.npmjs.org/esquery/-/esquery-1.6.0.tgz. Extracting by manifest.
865 silly tarball no local data for espree@https://registry.npmjs.org/espree/-/espree-10.4.0.tgz. Extracting by manifest.
866 silly tarball no local data for fastq@https://registry.npmjs.org/fastq/-/fastq-1.19.1.tgz. Extracting by manifest.
867 silly tarball no local data for esrecurse@https://registry.npmjs.org/esrecurse/-/esrecurse-4.3.0.tgz. Extracting by manifest.
868 silly tarball no local data for eslint-visitor-keys@https://registry.npmjs.org/eslint-visitor-keys/-/eslint-visitor-keys-4.2.1.tgz. Extracting by manifest.
869 silly tarball no local data for eslint-plugin-react-hooks@https://registry.npmjs.org/eslint-plugin-react-hooks/-/eslint-plugin-react-hooks-5.2.0.tgz. Extracting by manifest.
870 silly tarball no local data for fast-levenshtein@https://registry.npmjs.org/fast-levenshtein/-/fast-levenshtein-2.0.6.tgz. Extracting by manifest.
871 silly tarball no local data for eslint-plugin-react@https://registry.npmjs.org/eslint-plugin-react/-/eslint-plugin-react-7.37.5.tgz. Extracting by manifest.
872 silly tarball no local data for eslint-plugin-jsx-a11y@https://registry.npmjs.org/eslint-plugin-jsx-a11y/-/eslint-plugin-jsx-a11y-6.10.2.tgz. Extracting by manifest.
873 silly tarball no local data for eslint-scope@https://registry.npmjs.org/eslint-scope/-/eslint-scope-8.4.0.tgz. Extracting by manifest.
874 silly tarball no local data for eslint-plugin-import@https://registry.npmjs.org/eslint-plugin-import/-/eslint-plugin-import-2.32.0.tgz. Extracting by manifest.
875 silly tarball no local data for eslint-module-utils@https://registry.npmjs.org/eslint-module-utils/-/eslint-module-utils-2.12.1.tgz. Extracting by manifest.
876 silly tarball no local data for eslint-import-resolver-typescript@https://registry.npmjs.org/eslint-import-resolver-typescript/-/eslint-import-resolver-typescript-3.10.1.tgz. Extracting by manifest.
877 silly tarball no local data for eslint-config-next@https://registry.npmjs.org/eslint-config-next/-/eslint-config-next-15.4.1.tgz. Extracting by manifest.
878 silly tarball no local data for eslint@https://registry.npmjs.org/eslint/-/eslint-9.31.0.tgz. Extracting by manifest.
879 silly tarball no local data for eslint-import-resolver-node@https://registry.npmjs.org/eslint-import-resolver-node/-/eslint-import-resolver-node-0.3.9.tgz. Extracting by manifest.
880 silly tarball no local data for escape-string-regexp@https://registry.npmjs.org/escape-string-regexp/-/escape-string-regexp-4.0.0.tgz. Extracting by manifest.
881 silly tarball no local data for es-to-primitive@https://registry.npmjs.org/es-to-primitive/-/es-to-primitive-1.3.0.tgz. Extracting by manifest.
882 silly tarball no local data for es-shim-unscopables@https://registry.npmjs.org/es-shim-unscopables/-/es-shim-unscopables-1.1.0.tgz. Extracting by manifest.
883 silly tarball no local data for es-set-tostringtag@https://registry.npmjs.org/es-set-tostringtag/-/es-set-tostringtag-2.1.0.tgz. Extracting by manifest.
884 silly tarball no local data for es-object-atoms@https://registry.npmjs.org/es-object-atoms/-/es-object-atoms-1.1.1.tgz. Extracting by manifest.
885 silly tarball no local data for es-iterator-helpers@https://registry.npmjs.org/es-iterator-helpers/-/es-iterator-helpers-1.2.1.tgz. Extracting by manifest.
886 silly tarball no local data for es-errors@https://registry.npmjs.org/es-errors/-/es-errors-1.3.0.tgz. Extracting by manifest.
887 silly tarball no local data for es-define-property@https://registry.npmjs.org/es-define-property/-/es-define-property-1.0.1.tgz. Extracting by manifest.
888 silly tarball no local data for es-abstract@https://registry.npmjs.org/es-abstract/-/es-abstract-1.24.0.tgz. Extracting by manifest.
889 silly tarball no local data for enhanced-resolve@https://registry.npmjs.org/enhanced-resolve/-/enhanced-resolve-5.18.2.tgz. Extracting by manifest.
890 silly tarball no local data for emoji-regex@https://registry.npmjs.org/emoji-regex/-/emoji-regex-9.2.2.tgz. Extracting by manifest.
891 silly tarball no local data for dom-helpers@https://registry.npmjs.org/dom-helpers/-/dom-helpers-5.2.1.tgz. Extracting by manifest.
892 silly tarball no local data for detect-node-es@https://registry.npmjs.org/detect-node-es/-/detect-node-es-1.1.0.tgz. Extracting by manifest.
893 silly tarball no local data for dunder-proto@https://registry.npmjs.org/dunder-proto/-/dunder-proto-1.0.1.tgz. Extracting by manifest.
894 silly tarball no local data for detect-libc@https://registry.npmjs.org/detect-libc/-/detect-libc-2.0.4.tgz. Extracting by manifest.
895 silly tarball no local data for delayed-stream@https://registry.npmjs.org/delayed-stream/-/delayed-stream-1.0.0.tgz. Extracting by manifest.
896 silly tarball no local data for define-data-property@https://registry.npmjs.org/define-data-property/-/define-data-property-1.1.4.tgz. Extracting by manifest.
897 silly tarball no local data for define-properties@https://registry.npmjs.org/define-properties/-/define-properties-1.2.1.tgz. Extracting by manifest.
898 silly tarball no local data for doctrine@https://registry.npmjs.org/doctrine/-/doctrine-2.1.0.tgz. Extracting by manifest.
899 silly tarball no local data for deep-is@https://registry.npmjs.org/deep-is/-/deep-is-0.1.4.tgz. Extracting by manifest.
900 silly tarball no local data for decimal.js-light@https://registry.npmjs.org/decimal.js-light/-/decimal.js-light-2.5.1.tgz. Extracting by manifest.
901 silly tarball no local data for data-view-byte-length@https://registry.npmjs.org/data-view-byte-length/-/data-view-byte-length-1.0.2.tgz. Extracting by manifest.
902 silly tarball no local data for debug@https://registry.npmjs.org/debug/-/debug-4.4.1.tgz. Extracting by manifest.
903 silly tarball no local data for data-view-byte-offset@https://registry.npmjs.org/data-view-byte-offset/-/data-view-byte-offset-1.0.1.tgz. Extracting by manifest.
904 silly tarball no local data for data-view-buffer@https://registry.npmjs.org/data-view-buffer/-/data-view-buffer-1.0.2.tgz. Extracting by manifest.
905 silly tarball no local data for damerau-levenshtein@https://registry.npmjs.org/damerau-levenshtein/-/damerau-levenshtein-1.0.8.tgz. Extracting by manifest.
906 silly tarball no local data for d3-timer@https://registry.npmjs.org/d3-timer/-/d3-timer-3.0.1.tgz. Extracting by manifest.
907 silly tarball no local data for date-fns@https://registry.npmjs.org/date-fns/-/date-fns-4.1.0.tgz. Extracting by manifest.
908 silly tarball no local data for d3-time-format@https://registry.npmjs.org/d3-time-format/-/d3-time-format-4.1.0.tgz. Extracting by manifest.
909 silly tarball no local data for d3-time@https://registry.npmjs.org/d3-time/-/d3-time-3.1.0.tgz. Extracting by manifest.
910 silly tarball no local data for d3-path@https://registry.npmjs.org/d3-path/-/d3-path-3.1.0.tgz. Extracting by manifest.
911 silly tarball no local data for d3-shape@https://registry.npmjs.org/d3-shape/-/d3-shape-3.2.0.tgz. Extracting by manifest.
912 silly tarball no local data for d3-interpolate@https://registry.npmjs.org/d3-interpolate/-/d3-interpolate-3.0.1.tgz. Extracting by manifest.
913 silly tarball no local data for d3-ease@https://registry.npmjs.org/d3-ease/-/d3-ease-3.0.1.tgz. Extracting by manifest.
914 silly tarball no local data for d3-color@https://registry.npmjs.org/d3-color/-/d3-color-3.1.0.tgz. Extracting by manifest.
915 silly tarball no local data for d3-scale@https://registry.npmjs.org/d3-scale/-/d3-scale-4.0.2.tgz. Extracting by manifest.
916 silly tarball no local data for d3-array@https://registry.npmjs.org/d3-array/-/d3-array-3.2.4.tgz. Extracting by manifest.
917 silly tarball no local data for csstype@https://registry.npmjs.org/csstype/-/csstype-3.1.3.tgz. Extracting by manifest.
918 silly tarball no local data for cross-spawn@https://registry.npmjs.org/cross-spawn/-/cross-spawn-7.0.6.tgz. Extracting by manifest.
919 silly tarball no local data for cookie@https://registry.npmjs.org/cookie/-/cookie-1.0.2.tgz. Extracting by manifest.
920 silly tarball no local data for combined-stream@https://registry.npmjs.org/combined-stream/-/combined-stream-1.0.8.tgz. Extracting by manifest.
921 silly tarball no local data for concat-map@https://registry.npmjs.org/concat-map/-/concat-map-0.0.1.tgz. Extracting by manifest.
922 silly tarball no local data for color-string@https://registry.npmjs.org/color-string/-/color-string-1.9.1.tgz. Extracting by manifest.
923 silly tarball no local data for color-name@https://registry.npmjs.org/color-name/-/color-name-1.1.4.tgz. Extracting by manifest.
924 silly tarball no local data for color-convert@https://registry.npmjs.org/color-convert/-/color-convert-2.0.1.tgz. Extracting by manifest.
925 silly tarball no local data for clsx@https://registry.npmjs.org/clsx/-/clsx-2.1.1.tgz. Extracting by manifest.
926 silly tarball no local data for class-variance-authority@https://registry.npmjs.org/class-variance-authority/-/class-variance-authority-0.7.1.tgz. Extracting by manifest.
927 silly tarball no local data for color@https://registry.npmjs.org/color/-/color-4.2.3.tgz. Extracting by manifest.
928 silly tarball no local data for chownr@https://registry.npmjs.org/chownr/-/chownr-3.0.0.tgz. Extracting by manifest.
929 silly tarball no local data for chalk@https://registry.npmjs.org/chalk/-/chalk-4.1.2.tgz. Extracting by manifest.
930 silly tarball no local data for caniuse-lite@https://registry.npmjs.org/caniuse-lite/-/caniuse-lite-1.0.30001727.tgz. Extracting by manifest.
931 silly tarball no local data for client-only@https://registry.npmjs.org/client-only/-/client-only-0.0.1.tgz. Extracting by manifest.
932 silly tarball no local data for callsites@https://registry.npmjs.org/callsites/-/callsites-3.1.0.tgz. Extracting by manifest.
933 silly tarball no local data for call-bound@https://registry.npmjs.org/call-bound/-/call-bound-1.0.4.tgz. Extracting by manifest.
934 silly tarball no local data for call-bind@https://registry.npmjs.org/call-bind/-/call-bind-1.0.8.tgz. Extracting by manifest.
935 silly tarball no local data for call-bind-apply-helpers@https://registry.npmjs.org/call-bind-apply-helpers/-/call-bind-apply-helpers-1.0.2.tgz. Extracting by manifest.
936 silly tarball no local data for brace-expansion@https://registry.npmjs.org/brace-expansion/-/brace-expansion-1.1.12.tgz. Extracting by manifest.
937 silly tarball no local data for d3-format@https://registry.npmjs.org/d3-format/-/d3-format-3.1.0.tgz. Extracting by manifest.
938 silly tarball no local data for braces@https://registry.npmjs.org/braces/-/braces-3.0.3.tgz. Extracting by manifest.
939 silly tarball no local data for blurhash@https://registry.npmjs.org/blurhash/-/blurhash-2.0.5.tgz. Extracting by manifest.
940 silly tarball no local data for balanced-match@https://registry.npmjs.org/balanced-match/-/balanced-match-1.0.2.tgz. Extracting by manifest.
941 silly tarball no local data for axobject-query@https://registry.npmjs.org/axobject-query/-/axobject-query-4.1.0.tgz. Extracting by manifest.
942 silly tarball no local data for axios@https://registry.npmjs.org/axios/-/axios-1.10.0.tgz. Extracting by manifest.
943 silly tarball no local data for asynckit@https://registry.npmjs.org/asynckit/-/asynckit-0.4.0.tgz. Extracting by manifest.
944 silly tarball no local data for available-typed-arrays@https://registry.npmjs.org/available-typed-arrays/-/available-typed-arrays-1.0.7.tgz. Extracting by manifest.
945 silly tarball no local data for async-function@https://registry.npmjs.org/async-function/-/async-function-1.0.0.tgz. Extracting by manifest.
946 silly tarball no local data for ast-types-flow@https://registry.npmjs.org/ast-types-flow/-/ast-types-flow-0.0.8.tgz. Extracting by manifest.
947 silly tarball no local data for array.prototype.flatmap@https://registry.npmjs.org/array.prototype.flatmap/-/array.prototype.flatmap-1.3.3.tgz. Extracting by manifest.
948 silly tarball no local data for array.prototype.tosorted@https://registry.npmjs.org/array.prototype.tosorted/-/array.prototype.tosorted-1.1.4.tgz. Extracting by manifest.
949 silly tarball no local data for arraybuffer.prototype.slice@https://registry.npmjs.org/arraybuffer.prototype.slice/-/arraybuffer.prototype.slice-1.0.4.tgz. Extracting by manifest.
950 silly tarball no local data for array.prototype.flat@https://registry.npmjs.org/array.prototype.flat/-/array.prototype.flat-1.3.3.tgz. Extracting by manifest.
951 silly tarball no local data for axe-core@https://registry.npmjs.org/axe-core/-/axe-core-4.10.3.tgz. Extracting by manifest.
952 silly tarball no local data for array-includes@https://registry.npmjs.org/array-includes/-/array-includes-3.1.9.tgz. Extracting by manifest.
953 silly tarball no local data for array.prototype.findlast@https://registry.npmjs.org/array.prototype.findlast/-/array.prototype.findlast-1.2.5.tgz. Extracting by manifest.
954 silly tarball no local data for array-buffer-byte-length@https://registry.npmjs.org/array-buffer-byte-length/-/array-buffer-byte-length-1.0.2.tgz. Extracting by manifest.
955 silly tarball no local data for aria-query@https://registry.npmjs.org/aria-query/-/aria-query-5.3.2.tgz. Extracting by manifest.
956 silly tarball no local data for aria-hidden@https://registry.npmjs.org/aria-hidden/-/aria-hidden-1.2.6.tgz. Extracting by manifest.
957 silly tarball no local data for argparse@https://registry.npmjs.org/argparse/-/argparse-2.0.1.tgz. Extracting by manifest.
958 silly tarball no local data for ansi-styles@https://registry.npmjs.org/ansi-styles/-/ansi-styles-4.3.0.tgz. Extracting by manifest.
959 silly tarball no local data for acorn-jsx@https://registry.npmjs.org/acorn-jsx/-/acorn-jsx-5.3.2.tgz. Extracting by manifest.
960 silly tarball no local data for array.prototype.findlastindex@https://registry.npmjs.org/array.prototype.findlastindex/-/array.prototype.findlastindex-1.2.6.tgz. Extracting by manifest.
961 silly tarball no local data for @unrs/resolver-binding-win32-x64-msvc@https://registry.npmjs.org/@unrs/resolver-binding-win32-x64-msvc/-/resolver-binding-win32-x64-msvc-1.11.1.tgz. Extracting by manifest.
962 silly tarball no local data for ajv@https://registry.npmjs.org/ajv/-/ajv-6.12.6.tgz. Extracting by manifest.
963 silly tarball no local data for @typescript-eslint/visitor-keys@https://registry.npmjs.org/@typescript-eslint/visitor-keys/-/visitor-keys-8.37.0.tgz. Extracting by manifest.
964 silly tarball no local data for @typescript-eslint/typescript-estree@https://registry.npmjs.org/@typescript-eslint/typescript-estree/-/typescript-estree-8.37.0.tgz. Extracting by manifest.
965 silly tarball no local data for acorn@https://registry.npmjs.org/acorn/-/acorn-8.15.0.tgz. Extracting by manifest.
966 silly tarball no local data for @typescript-eslint/types@https://registry.npmjs.org/@typescript-eslint/types/-/types-8.37.0.tgz. Extracting by manifest.
967 silly tarball no local data for @typescript-eslint/utils@https://registry.npmjs.org/@typescript-eslint/utils/-/utils-8.37.0.tgz. Extracting by manifest.
968 silly tarball no local data for @typescript-eslint/project-service@https://registry.npmjs.org/@typescript-eslint/project-service/-/project-service-8.37.0.tgz. Extracting by manifest.
969 silly tarball no local data for @typescript-eslint/tsconfig-utils@https://registry.npmjs.org/@typescript-eslint/tsconfig-utils/-/tsconfig-utils-8.37.0.tgz. Extracting by manifest.
970 silly tarball no local data for @typescript-eslint/scope-manager@https://registry.npmjs.org/@typescript-eslint/scope-manager/-/scope-manager-8.37.0.tgz. Extracting by manifest.
971 silly tarball no local data for @typescript-eslint/type-utils@https://registry.npmjs.org/@typescript-eslint/type-utils/-/type-utils-8.37.0.tgz. Extracting by manifest.
972 silly tarball no local data for @types/react@https://registry.npmjs.org/@types/react/-/react-19.1.9.tgz. Extracting by manifest.
973 silly tarball no local data for @typescript-eslint/parser@https://registry.npmjs.org/@typescript-eslint/parser/-/parser-8.37.0.tgz. Extracting by manifest.
974 silly tarball no local data for @types/json5@https://registry.npmjs.org/@types/json5/-/json5-0.0.29.tgz. Extracting by manifest.
975 silly tarball no local data for @types/node@https://registry.npmjs.org/@types/node/-/node-20.19.9.tgz. Extracting by manifest.
976 silly tarball no local data for @types/json-schema@https://registry.npmjs.org/@types/json-schema/-/json-schema-7.0.15.tgz. Extracting by manifest.
977 silly tarball no local data for @types/react-dom@https://registry.npmjs.org/@types/react-dom/-/react-dom-19.1.6.tgz. Extracting by manifest.
978 silly tarball no local data for @typescript-eslint/eslint-plugin@https://registry.npmjs.org/@typescript-eslint/eslint-plugin/-/eslint-plugin-8.37.0.tgz. Extracting by manifest.
979 silly tarball no local data for @types/estree@https://registry.npmjs.org/@types/estree/-/estree-1.0.8.tgz. Extracting by manifest.
980 silly tarball no local data for @types/d3-timer@https://registry.npmjs.org/@types/d3-timer/-/d3-timer-3.0.2.tgz. Extracting by manifest.
981 silly tarball no local data for @types/d3-time@https://registry.npmjs.org/@types/d3-time/-/d3-time-3.0.4.tgz. Extracting by manifest.
982 silly tarball no local data for @types/d3-scale@https://registry.npmjs.org/@types/d3-scale/-/d3-scale-4.0.9.tgz. Extracting by manifest.
983 silly tarball no local data for @types/d3-shape@https://registry.npmjs.org/@types/d3-shape/-/d3-shape-3.1.7.tgz. Extracting by manifest.
984 silly tarball no local data for @tybys/wasm-util@https://registry.npmjs.org/@tybys/wasm-util/-/wasm-util-0.10.0.tgz. Extracting by manifest.
985 silly tarball no local data for @types/d3-path@https://registry.npmjs.org/@types/d3-path/-/d3-path-3.1.1.tgz. Extracting by manifest.
986 silly tarball no local data for @types/d3-color@https://registry.npmjs.org/@types/d3-color/-/d3-color-3.1.3.tgz. Extracting by manifest.
987 silly tarball no local data for @types/d3-ease@https://registry.npmjs.org/@types/d3-ease/-/d3-ease-3.0.2.tgz. Extracting by manifest.
988 silly tarball no local data for @tanstack/table-core@https://registry.npmjs.org/@tanstack/table-core/-/table-core-8.21.3.tgz. Extracting by manifest.
989 silly tarball no local data for @types/d3-array@https://registry.npmjs.org/@types/d3-array/-/d3-array-3.2.1.tgz. Extracting by manifest.
990 silly tarball no local data for @types/d3-interpolate@https://registry.npmjs.org/@types/d3-interpolate/-/d3-interpolate-3.0.4.tgz. Extracting by manifest.
991 silly tarball no local data for @tailwindcss/postcss@https://registry.npmjs.org/@tailwindcss/postcss/-/postcss-4.1.11.tgz. Extracting by manifest.
992 silly tarball no local data for @tanstack/react-table@https://registry.npmjs.org/@tanstack/react-table/-/react-table-8.21.3.tgz. Extracting by manifest.
993 silly tarball no local data for @tanstack/query-core@https://registry.npmjs.org/@tanstack/query-core/-/query-core-5.83.0.tgz. Extracting by manifest.
994 silly tarball no local data for @tailwindcss/oxide-win32-x64-msvc@https://registry.npmjs.org/@tailwindcss/oxide-win32-x64-msvc/-/oxide-win32-x64-msvc-4.1.11.tgz. Extracting by manifest.
995 silly tarball no local data for @tanstack/react-query@https://registry.npmjs.org/@tanstack/react-query/-/react-query-5.83.0.tgz. Extracting by manifest.
996 silly tarball no local data for @tailwindcss/node@https://registry.npmjs.org/@tailwindcss/node/-/node-4.1.11.tgz. Extracting by manifest.
997 silly tarball no local data for @tabler/icons-react@https://registry.npmjs.org/@tabler/icons-react/-/icons-react-3.34.0.tgz. Extracting by manifest.
998 silly tarball no local data for @tabler/icons@https://registry.npmjs.org/@tabler/icons/-/icons-3.34.0.tgz. Extracting by manifest.
999 silly tarball no local data for @tailwindcss/oxide@https://registry.npmjs.org/@tailwindcss/oxide/-/oxide-4.1.11.tgz. Extracting by manifest.
1000 silly tarball no local data for @swc/helpers@https://registry.npmjs.org/@swc/helpers/-/helpers-0.5.15.tgz. Extracting by manifest.
1001 silly tarball no local data for @rushstack/eslint-patch@https://registry.npmjs.org/@rushstack/eslint-patch/-/eslint-patch-1.12.0.tgz. Extracting by manifest.
1002 silly tarball no local data for @standard-schema/utils@https://registry.npmjs.org/@standard-schema/utils/-/utils-0.3.0.tgz. Extracting by manifest.
1003 silly tarball no local data for @rtsao/scc@https://registry.npmjs.org/@rtsao/scc/-/scc-1.1.0.tgz. Extracting by manifest.
1004 silly tarball no local data for @splinetool/react-spline@https://registry.npmjs.org/@splinetool/react-spline/-/react-spline-4.1.0.tgz. Extracting by manifest.
1005 silly tarball no local data for @splinetool/runtime@https://registry.npmjs.org/@splinetool/runtime/-/runtime-1.12.70.tgz. Extracting by manifest.
1006 silly tarball no local data for @radix-ui/rect@https://registry.npmjs.org/@radix-ui/rect/-/rect-1.1.1.tgz. Extracting by manifest.
1007 silly tarball no local data for @radix-ui/react-use-size@https://registry.npmjs.org/@radix-ui/react-use-size/-/react-use-size-1.1.1.tgz. Extracting by manifest.
1008 silly tarball no local data for @radix-ui/react-visually-hidden@https://registry.npmjs.org/@radix-ui/react-visually-hidden/-/react-visually-hidden-1.2.3.tgz. Extracting by manifest.
1009 silly tarball no local data for @radix-ui/react-use-layout-effect@https://registry.npmjs.org/@radix-ui/react-use-layout-effect/-/react-use-layout-effect-1.1.1.tgz. Extracting by manifest.
1010 silly tarball no local data for @radix-ui/react-use-rect@https://registry.npmjs.org/@radix-ui/react-use-rect/-/react-use-rect-1.1.1.tgz. Extracting by manifest.
1011 silly tarball no local data for @radix-ui/react-use-previous@https://registry.npmjs.org/@radix-ui/react-use-previous/-/react-use-previous-1.1.1.tgz. Extracting by manifest.
1012 silly tarball no local data for @radix-ui/react-use-is-hydrated@https://registry.npmjs.org/@radix-ui/react-use-is-hydrated/-/react-use-is-hydrated-0.1.0.tgz. Extracting by manifest.
1013 silly tarball no local data for @radix-ui/react-use-escape-keydown@https://registry.npmjs.org/@radix-ui/react-use-escape-keydown/-/react-use-escape-keydown-1.1.1.tgz. Extracting by manifest.
1014 silly tarball no local data for @radix-ui/react-use-effect-event@https://registry.npmjs.org/@radix-ui/react-use-effect-event/-/react-use-effect-event-0.0.2.tgz. Extracting by manifest.
1015 silly tarball no local data for @radix-ui/react-use-controllable-state@https://registry.npmjs.org/@radix-ui/react-use-controllable-state/-/react-use-controllable-state-1.2.2.tgz. Extracting by manifest.
1016 silly tarball no local data for @radix-ui/react-toggle-group@https://registry.npmjs.org/@radix-ui/react-toggle-group/-/react-toggle-group-1.1.10.tgz. Extracting by manifest.
1017 silly tarball no local data for @radix-ui/react-use-callback-ref@https://registry.npmjs.org/@radix-ui/react-use-callback-ref/-/react-use-callback-ref-1.1.1.tgz. Extracting by manifest.
1018 silly tarball no local data for @radix-ui/react-toggle@https://registry.npmjs.org/@radix-ui/react-toggle/-/react-toggle-1.1.9.tgz. Extracting by manifest.
1019 silly tarball no local data for @radix-ui/react-tabs@https://registry.npmjs.org/@radix-ui/react-tabs/-/react-tabs-1.1.12.tgz. Extracting by manifest.
1020 silly tarball no local data for @radix-ui/react-switch@https://registry.npmjs.org/@radix-ui/react-switch/-/react-switch-1.2.5.tgz. Extracting by manifest.
1021 silly tarball no local data for @radix-ui/react-slot@https://registry.npmjs.org/@radix-ui/react-slot/-/react-slot-1.2.3.tgz. Extracting by manifest.
1022 silly tarball no local data for @radix-ui/react-tooltip@https://registry.npmjs.org/@radix-ui/react-tooltip/-/react-tooltip-1.2.7.tgz. Extracting by manifest.
1023 silly tarball no local data for @radix-ui/react-slider@https://registry.npmjs.org/@radix-ui/react-slider/-/react-slider-1.3.5.tgz. Extracting by manifest.
1024 silly tarball no local data for @radix-ui/react-separator@https://registry.npmjs.org/@radix-ui/react-separator/-/react-separator-1.1.7.tgz. Extracting by manifest.
1025 silly tarball no local data for @radix-ui/react-roving-focus@https://registry.npmjs.org/@radix-ui/react-roving-focus/-/react-roving-focus-1.1.10.tgz. Extracting by manifest.
1026 silly tarball no local data for @radix-ui/react-primitive@https://registry.npmjs.org/@radix-ui/react-primitive/-/react-primitive-2.1.3.tgz. Extracting by manifest.
1027 silly tarball no local data for @radix-ui/react-presence@https://registry.npmjs.org/@radix-ui/react-presence/-/react-presence-1.1.4.tgz. Extracting by manifest.
1028 silly tarball no local data for @radix-ui/react-scroll-area@https://registry.npmjs.org/@radix-ui/react-scroll-area/-/react-scroll-area-1.2.9.tgz. Extracting by manifest.
1029 silly tarball no local data for @radix-ui/react-menu@https://registry.npmjs.org/@radix-ui/react-menu/-/react-menu-2.1.15.tgz. Extracting by manifest.
1030 silly tarball no local data for @radix-ui/react-select@https://registry.npmjs.org/@radix-ui/react-select/-/react-select-2.2.5.tgz. Extracting by manifest.
1031 silly tarball no local data for @radix-ui/react-portal@https://registry.npmjs.org/@radix-ui/react-portal/-/react-portal-1.1.9.tgz. Extracting by manifest.
1032 silly tarball no local data for @radix-ui/react-label@https://registry.npmjs.org/@radix-ui/react-label/-/react-label-2.1.7.tgz. Extracting by manifest.
1033 silly tarball no local data for @radix-ui/react-popper@https://registry.npmjs.org/@radix-ui/react-popper/-/react-popper-1.2.7.tgz. Extracting by manifest.
1034 silly tarball no local data for @radix-ui/react-id@https://registry.npmjs.org/@radix-ui/react-id/-/react-id-1.1.1.tgz. Extracting by manifest.
1035 silly tarball no local data for @radix-ui/react-focus-scope@https://registry.npmjs.org/@radix-ui/react-focus-scope/-/react-focus-scope-1.1.7.tgz. Extracting by manifest.
1036 silly tarball no local data for @radix-ui/react-focus-guards@https://registry.npmjs.org/@radix-ui/react-focus-guards/-/react-focus-guards-1.1.2.tgz. Extracting by manifest.
1037 silly tarball no local data for @radix-ui/react-dropdown-menu@https://registry.npmjs.org/@radix-ui/react-dropdown-menu/-/react-dropdown-menu-2.1.15.tgz. Extracting by manifest.
1038 silly tarball no local data for @radix-ui/react-direction@https://registry.npmjs.org/@radix-ui/react-direction/-/react-direction-1.1.1.tgz. Extracting by manifest.
1039 silly tarball no local data for @radix-ui/react-dialog@https://registry.npmjs.org/@radix-ui/react-dialog/-/react-dialog-1.1.14.tgz. Extracting by manifest.
1040 silly tarball no local data for @radix-ui/react-context@https://registry.npmjs.org/@radix-ui/react-context/-/react-context-1.1.2.tgz. Extracting by manifest.
1041 silly tarball no local data for @radix-ui/react-collection@https://registry.npmjs.org/@radix-ui/react-collection/-/react-collection-1.1.7.tgz. Extracting by manifest.
1042 silly tarball no local data for @radix-ui/react-checkbox@https://registry.npmjs.org/@radix-ui/react-checkbox/-/react-checkbox-1.3.2.tgz. Extracting by manifest.
1043 silly tarball no local data for @radix-ui/react-arrow@https://registry.npmjs.org/@radix-ui/react-arrow/-/react-arrow-1.1.7.tgz. Extracting by manifest.
1044 silly tarball no local data for @radix-ui/react-avatar@https://registry.npmjs.org/@radix-ui/react-avatar/-/react-avatar-1.1.10.tgz. Extracting by manifest.
1045 silly tarball no local data for @nolyfill/is-core-module@https://registry.npmjs.org/@nolyfill/is-core-module/-/is-core-module-1.0.39.tgz. Extracting by manifest.
1046 silly tarball no local data for @radix-ui/react-dismissable-layer@https://registry.npmjs.org/@radix-ui/react-dismissable-layer/-/react-dismissable-layer-1.1.10.tgz. Extracting by manifest.
1047 silly tarball no local data for @nodelib/fs.walk@https://registry.npmjs.org/@nodelib/fs.walk/-/fs.walk-1.2.8.tgz. Extracting by manifest.
1048 silly tarball no local data for @radix-ui/number@https://registry.npmjs.org/@radix-ui/number/-/number-1.1.1.tgz. Extracting by manifest.
1049 silly tarball no local data for @nodelib/fs.stat@https://registry.npmjs.org/@nodelib/fs.stat/-/fs.stat-2.0.5.tgz. Extracting by manifest.
1050 silly tarball no local data for @radix-ui/react-compose-refs@https://registry.npmjs.org/@radix-ui/react-compose-refs/-/react-compose-refs-1.1.2.tgz. Extracting by manifest.
1051 silly tarball no local data for @nodelib/fs.scandir@https://registry.npmjs.org/@nodelib/fs.scandir/-/fs.scandir-2.1.5.tgz. Extracting by manifest.
1052 silly tarball no local data for @napi-rs/wasm-runtime@https://registry.npmjs.org/@napi-rs/wasm-runtime/-/wasm-runtime-0.2.12.tgz. Extracting by manifest.
1053 silly tarball no local data for @jridgewell/sourcemap-codec@https://registry.npmjs.org/@jridgewell/sourcemap-codec/-/sourcemap-codec-1.5.4.tgz. Extracting by manifest.
1054 silly tarball no local data for @next/swc-win32-x64-msvc@https://registry.npmjs.org/@next/swc-win32-x64-msvc/-/swc-win32-x64-msvc-15.4.1.tgz. Extracting by manifest.
1055 silly tarball no local data for @next/eslint-plugin-next@https://registry.npmjs.org/@next/eslint-plugin-next/-/eslint-plugin-next-15.4.1.tgz. Extracting by manifest.
1056 silly tarball no local data for @jridgewell/trace-mapping@https://registry.npmjs.org/@jridgewell/trace-mapping/-/trace-mapping-0.3.29.tgz. Extracting by manifest.
1057 silly tarball no local data for @next/env@https://registry.npmjs.org/@next/env/-/env-15.4.1.tgz. Extracting by manifest.
1058 silly tarball no local data for @radix-ui/primitive@https://registry.npmjs.org/@radix-ui/primitive/-/primitive-1.1.2.tgz. Extracting by manifest.
1059 silly tarball no local data for @isaacs/fs-minipass@https://registry.npmjs.org/@isaacs/fs-minipass/-/fs-minipass-4.0.1.tgz. Extracting by manifest.
1060 silly tarball no local data for @jridgewell/gen-mapping@https://registry.npmjs.org/@jridgewell/gen-mapping/-/gen-mapping-0.3.12.tgz. Extracting by manifest.
1061 silly tarball no local data for @humanwhocodes/module-importer@https://registry.npmjs.org/@humanwhocodes/module-importer/-/module-importer-1.0.1.tgz. Extracting by manifest.
1062 silly tarball no local data for @humanwhocodes/retry@https://registry.npmjs.org/@humanwhocodes/retry/-/retry-0.4.3.tgz. Extracting by manifest.
1063 silly tarball no local data for @floating-ui/utils@https://registry.npmjs.org/@floating-ui/utils/-/utils-0.2.10.tgz. Extracting by manifest.
1064 silly tarball no local data for @hookform/resolvers@https://registry.npmjs.org/@hookform/resolvers/-/resolvers-5.1.1.tgz. Extracting by manifest.
1065 silly tarball no local data for @jridgewell/resolve-uri@https://registry.npmjs.org/@jridgewell/resolve-uri/-/resolve-uri-3.1.2.tgz. Extracting by manifest.
1066 silly tarball no local data for @humanfs/core@https://registry.npmjs.org/@humanfs/core/-/core-0.19.1.tgz. Extracting by manifest.
1067 silly tarball no local data for @img/sharp-win32-x64@https://registry.npmjs.org/@img/sharp-win32-x64/-/sharp-win32-x64-0.34.3.tgz. Extracting by manifest.
1068 silly tarball no local data for @humanfs/node@https://registry.npmjs.org/@humanfs/node/-/node-0.16.6.tgz. Extracting by manifest.
1069 silly tarball no local data for @eslint/plugin-kit@https://registry.npmjs.org/@eslint/plugin-kit/-/plugin-kit-0.3.3.tgz. Extracting by manifest.
1070 silly tarball no local data for @eslint/object-schema@https://registry.npmjs.org/@eslint/object-schema/-/object-schema-2.1.6.tgz. Extracting by manifest.
1071 silly tarball no local data for @eslint/eslintrc@https://registry.npmjs.org/@eslint/eslintrc/-/eslintrc-3.3.1.tgz. Extracting by manifest.
1072 silly tarball no local data for @eslint/js@https://registry.npmjs.org/@eslint/js/-/js-9.31.0.tgz. Extracting by manifest.
1073 silly tarball no local data for @floating-ui/react-dom@https://registry.npmjs.org/@floating-ui/react-dom/-/react-dom-2.1.4.tgz. Extracting by manifest.
1074 silly tarball no local data for @floating-ui/dom@https://registry.npmjs.org/@floating-ui/dom/-/dom-1.7.2.tgz. Extracting by manifest.
1075 silly tarball no local data for @eslint-community/regexpp@https://registry.npmjs.org/@eslint-community/regexpp/-/regexpp-4.12.1.tgz. Extracting by manifest.
1076 silly tarball no local data for @floating-ui/core@https://registry.npmjs.org/@floating-ui/core/-/core-1.7.2.tgz. Extracting by manifest.
1077 silly tarball no local data for @eslint/core@https://registry.npmjs.org/@eslint/core/-/core-0.15.1.tgz. Extracting by manifest.
1078 silly tarball no local data for @eslint-community/eslint-utils@https://registry.npmjs.org/@eslint-community/eslint-utils/-/eslint-utils-4.7.0.tgz. Extracting by manifest.
1079 silly tarball no local data for @eslint/config-helpers@https://registry.npmjs.org/@eslint/config-helpers/-/config-helpers-0.3.0.tgz. Extracting by manifest.
1080 silly tarball no local data for @eslint/config-array@https://registry.npmjs.org/@eslint/config-array/-/config-array-0.21.0.tgz. Extracting by manifest.
1081 silly tarball no local data for @dnd-kit/utilities@https://registry.npmjs.org/@dnd-kit/utilities/-/utilities-3.2.2.tgz. Extracting by manifest.
1082 silly tarball no local data for @emnapi/core@https://registry.npmjs.org/@emnapi/core/-/core-1.4.4.tgz. Extracting by manifest.
1083 silly tarball no local data for @emnapi/wasi-threads@https://registry.npmjs.org/@emnapi/wasi-threads/-/wasi-threads-1.0.3.tgz. Extracting by manifest.
1084 silly tarball no local data for @emnapi/runtime@https://registry.npmjs.org/@emnapi/runtime/-/runtime-1.4.4.tgz. Extracting by manifest.
1085 silly tarball no local data for @dnd-kit/sortable@https://registry.npmjs.org/@dnd-kit/sortable/-/sortable-10.0.0.tgz. Extracting by manifest.
1086 silly tarball no local data for @babel/runtime@https://registry.npmjs.org/@babel/runtime/-/runtime-7.27.6.tgz. Extracting by manifest.
1087 silly tarball no local data for @ampproject/remapping@https://registry.npmjs.org/@ampproject/remapping/-/remapping-2.3.0.tgz. Extracting by manifest.
1088 silly tarball no local data for @alloc/quick-lru@https://registry.npmjs.org/@alloc/quick-lru/-/quick-lru-5.2.0.tgz. Extracting by manifest.
1089 silly tarball no local data for @dnd-kit/modifiers@https://registry.npmjs.org/@dnd-kit/modifiers/-/modifiers-9.0.0.tgz. Extracting by manifest.
1090 silly tarball no local data for picomatch@https://registry.npmjs.org/picomatch/-/picomatch-4.0.3.tgz. Extracting by manifest.
1091 silly tarball no local data for @dnd-kit/core@https://registry.npmjs.org/@dnd-kit/core/-/core-6.3.1.tgz. Extracting by manifest.
1092 silly tarball no local data for @dnd-kit/accessibility@https://registry.npmjs.org/@dnd-kit/accessibility/-/accessibility-3.1.1.tgz. Extracting by manifest.
1093 silly tarball no local data for react-is@https://registry.npmjs.org/react-is/-/react-is-18.3.1.tgz. Extracting by manifest.
1094 silly tarball no local data for fdir@https://registry.npmjs.org/fdir/-/fdir-6.4.6.tgz. Extracting by manifest.
1095 silly tarball no local data for glob-parent@https://registry.npmjs.org/glob-parent/-/glob-parent-5.1.2.tgz. Extracting by manifest.
1096 silly tarball no local data for semver@https://registry.npmjs.org/semver/-/semver-6.3.1.tgz. Extracting by manifest.
1097 silly tarball no local data for debug@https://registry.npmjs.org/debug/-/debug-3.2.7.tgz. Extracting by manifest.
1098 silly tarball no local data for semver@https://registry.npmjs.org/semver/-/semver-6.3.1.tgz. Extracting by manifest.
1099 silly tarball no local data for postcss@https://registry.npmjs.org/postcss/-/postcss-8.4.31.tgz. Extracting by manifest.
1100 silly tarball no local data for resolve@https://registry.npmjs.org/resolve/-/resolve-2.0.0-next.5.tgz. Extracting by manifest.
1101 silly tarball no local data for debug@https://registry.npmjs.org/debug/-/debug-3.2.7.tgz. Extracting by manifest.
1102 silly tarball no local data for debug@https://registry.npmjs.org/debug/-/debug-3.2.7.tgz. Extracting by manifest.
1103 silly tarball no local data for glob-parent@https://registry.npmjs.org/glob-parent/-/glob-parent-5.1.2.tgz. Extracting by manifest.
1104 silly tarball no local data for ignore@https://registry.npmjs.org/ignore/-/ignore-7.0.5.tgz. Extracting by manifest.
1105 silly tarball no local data for minimatch@https://registry.npmjs.org/minimatch/-/minimatch-9.0.5.tgz. Extracting by manifest.
1106 silly tarball no local data for fast-glob@https://registry.npmjs.org/fast-glob/-/fast-glob-3.3.3.tgz. Extracting by manifest.
1107 silly tarball no local data for brace-expansion@https://registry.npmjs.org/brace-expansion/-/brace-expansion-2.0.2.tgz. Extracting by manifest.
1108 silly tarball no local data for @humanwhocodes/retry@https://registry.npmjs.org/@humanwhocodes/retry/-/retry-0.3.1.tgz. Extracting by manifest.
1109 silly tarball no local data for eslint-visitor-keys@https://registry.npmjs.org/eslint-visitor-keys/-/eslint-visitor-keys-3.4.3.tgz. Extracting by manifest.
1110 http fetch POST 200 https://registry.npmjs.org/-/npm/v1/security/advisories/bulk 1427ms
1111 silly audit report {
1111 silly audit report   '@eslint/plugin-kit': [
1111 silly audit report     {
1111 silly audit report       id: 1106734,
1111 silly audit report       url: 'https://github.com/advisories/GHSA-xffm-g5w8-qvg7',
1111 silly audit report       title: '@eslint/plugin-kit is vulnerable to Regular Expression Denial of Service attacks through ConfigCommentParser',
1111 silly audit report       severity: 'low',
1111 silly audit report       vulnerable_versions: '<0.3.4',
1111 silly audit report       cwe: [Array],
1111 silly audit report       cvss: [Object]
1111 silly audit report     }
1111 silly audit report   ],
1111 silly audit report   'brace-expansion': [
1111 silly audit report     {
1111 silly audit report       id: 1115540,
1111 silly audit report       url: 'https://github.com/advisories/GHSA-f886-m6hf-6m8v',
1111 silly audit report       title: 'brace-expansion: Zero-step sequence causes process hang and memory exhaustion',
1111 silly audit report       severity: 'moderate',
1111 silly audit report       vulnerable_versions: '<1.1.13',
1111 silly audit report       cwe: [Array],
1111 silly audit report       cvss: [Object]
1111 silly audit report     },
1111 silly audit report     {
1111 silly audit report       id: 1115541,
1111 silly audit report       url: 'https://github.com/advisories/GHSA-f886-m6hf-6m8v',
1111 silly audit report       title: 'brace-expansion: Zero-step sequence causes process hang and memory exhaustion',
1111 silly audit report       severity: 'moderate',
1111 silly audit report       vulnerable_versions: '>=2.0.0 <2.0.3',
1111 silly audit report       cwe: [Array],
1111 silly audit report       cvss: [Object]
1111 silly audit report     }
1111 silly audit report   ],
1111 silly audit report   minimatch: [
1111 silly audit report     {
1111 silly audit report       id: 1113459,
1111 silly audit report       url: 'https://github.com/advisories/GHSA-3ppc-4f35-3m26',
1111 silly audit report       title: 'minimatch has a ReDoS via repeated wildcards with non-matching literal in pattern',
1111 silly audit report       severity: 'high',
1111 silly audit report       vulnerable_versions: '<3.1.3',
1111 silly audit report       cwe: [Array],
1111 silly audit report       cvss: [Object]
1111 silly audit report     },
1111 silly audit report     {
1111 silly audit report       id: 1113465,
1111 silly audit report       url: 'https://github.com/advisories/GHSA-3ppc-4f35-3m26',
1111 silly audit report       title: 'minimatch has a ReDoS via repeated wildcards with non-matching literal in pattern',
1111 silly audit report       severity: 'high',
1111 silly audit report       vulnerable_versions: '>=9.0.0 <9.0.6',
1111 silly audit report       cwe: [Array],
1111 silly audit report       cvss: [Object]
1111 silly audit report     },
1111 silly audit report     {
1111 silly audit report       id: 1113538,
1111 silly audit report       url: 'https://github.com/advisories/GHSA-7r86-cg39-jmmj',
1111 silly audit report       title: 'minimatch has ReDoS: matchOne() combinatorial backtracking via multiple non-adjacent GLOBSTAR segments',
1111 silly audit report       severity: 'high',
1111 silly audit report       vulnerable_versions: '<3.1.3',
1111 silly audit report       cwe: [Array],
1111 silly audit report       cvss: [Object]
1111 silly audit report     },
1111 silly audit report     {
1111 silly audit report       id: 1113544,
1111 silly audit report       url: 'https://github.com/advisories/GHSA-7r86-cg39-jmmj',
1111 silly audit report       title: 'minimatch has ReDoS: matchOne() combinatorial backtracking via multiple non-adjacent GLOBSTAR segments',
1111 silly audit report       severity: 'high',
1111 silly audit report       vulnerable_versions: '>=9.0.0 <9.0.7',
1111 silly audit report       cwe: [Array],
1111 silly audit report       cvss: [Object]
1111 silly audit report     },
1111 silly audit report     {
1111 silly audit report       id: 1113546,
1111 silly audit report       url: 'https://github.com/advisories/GHSA-23c5-xmqv-rm74',
1111 silly audit report       title: 'minimatch ReDoS: nested *() extglobs generate catastrophically backtracking regular expressions',
1111 silly audit report       severity: 'high',
1111 silly audit report       vulnerable_versions: '<3.1.4',
1111 silly audit report       cwe: [Array],
1111 silly audit report       cvss: [Object]
1111 silly audit report     },
1111 silly audit report     {
1111 silly audit report       id: 1113552,
1111 silly audit report       url: 'https://github.com/advisories/GHSA-23c5-xmqv-rm74',
1111 silly audit report       title: 'minimatch ReDoS: nested *() extglobs generate catastrophically backtracking regular expressions',
1111 silly audit report       severity: 'high',
1111 silly audit report       vulnerable_versions: '>=9.0.0 <9.0.7',
1111 silly audit report       cwe: [Array],
1111 silly audit report       cvss: [Object]
1111 silly audit report     }
1111 silly audit report   ],
1111 silly audit report   ajv: [
1111 silly audit report     {
1111 silly audit report       id: 1113714,
1111 silly audit report       url: 'https://github.com/advisories/GHSA-2g4f-4pwh-qvx6',
1111 silly audit report       title: 'ajv has ReDoS when using `$data` option',
1111 silly audit report       severity: 'moderate',
1111 silly audit report       vulnerable_versions: '<6.14.0',
1111 silly audit report       cwe: [Array],
1111 silly audit report       cvss: [Object]
1111 silly audit report     }
1111 silly audit report   ],
1111 silly audit report   axios: [
1111 silly audit report     {
1111 silly audit report       id: 1118607,
1111 silly audit report       url: 'https://github.com/advisories/GHSA-q8qp-cvcw-x6jj',
1111 silly audit report       title: 'Axios has prototype pollution read-side gadgets in HTTP adapter that allow credential injection and request hijacking',
1111 silly audit report       severity: 'high',
1111 silly audit report       vulnerable_versions: '>=1.0.0 <1.15.2',
1111 silly audit report       cwe: [Array],
1111 silly audit report       cvss: [Object]
1111 silly audit report     },
1111 silly audit report     {
1111 silly audit report       id: 1112195,
1111 silly audit report       url: 'https://github.com/advisories/GHSA-4hjh-wcwx-xvwj',
1111 silly audit report       title: 'Axios is vulnerable to DoS attack through lack of data size check',
1111 silly audit report       severity: 'high',
1111 silly audit report       vulnerable_versions: '>=1.0.0 <1.12.0',
1111 silly audit report       cwe: [Array],
1111 silly audit report       cvss: [Object]
1111 silly audit report     },
1111 silly audit report     {
1111 silly audit report       id: 1119404,
1111 silly audit report       url: 'https://github.com/advisories/GHSA-fvcv-3m26-pcqx',
1111 silly audit report       title: 'Axios has Unrestricted Cloud Metadata Exfiltration via Header Injection Chain',
1111 silly audit report       severity: 'moderate',
1111 silly audit report       vulnerable_versions: '>=1.0.0 <1.15.0',
1111 silly audit report       cwe: [Array],
1111 silly audit report       cvss: [Object]
1111 silly audit report     },
1111 silly audit report     {
1111 silly audit report       id: 1119667,
1111 silly audit report       url: 'https://github.com/advisories/GHSA-pjwm-pj3p-43mv',
1111 silly audit report       title: "axios's shouldBypassProxy does not recognize IPv4-mapped IPv6 addresses, allowing NO_PROXY bypass (incomplete fix for CVE-2025-62718)",
1111 silly audit report       severity: 'high',
1111 silly audit report       vulnerable_versions: '>=1.0.0 <1.16.0',
1111 silly audit report       cwe: [Array],
1111 silly audit report       cvss: [Object]
1111 silly audit report     },
1111 silly audit report     {
1111 silly audit report       id: 1120125,
1111 silly audit report       url: 'https://github.com/advisories/GHSA-62hf-57xw-28j9',
1111 silly audit report       title: 'Axios: unbounded recursion in toFormData causes DoS via deeply nested request data',
1111 silly audit report       severity: 'moderate',
1111 silly audit report       vulnerable_versions: '>=1.0.0 <1.15.1',
1111 silly audit report       cwe: [Array],
1111 silly audit report       cvss: [Object]
1111 silly audit report     },
1111 silly audit report     {
1111 silly audit report       id: 1120547,
1111 silly audit report       url: 'https://github.com/advisories/GHSA-hfxv-24rg-xrqf',
1111 silly audit report       title: 'Axios: Regular Expression Denial of Service (ReDoS) via Cookie Name Injection',
1111 silly audit report       severity: 'high',
1111 silly audit report       vulnerable_versions: '>=1.0.0 <1.16.0',
1111 silly audit report       cwe: [Array],
1111 silly audit report       cvss: [Object]
1111 silly audit report     },
1111 silly audit report     {
1111 silly audit report       id: 1120643,
1111 silly audit report       url: 'https://github.com/advisories/GHSA-777c-7fjr-54vf',
1111 silly audit report       title: 'Allocation of Resources Without Limits or Throttling in Axios',
1111 silly audit report       severity: 'high',
1111 silly audit report       vulnerable_versions: '>=1.7.0 <1.16.0',
1111 silly audit report       cwe: [Array],
1111 silly audit report       cvss: [Object]
1111 silly audit report     },
1111 silly audit report     {
1111 silly audit report       id: 1120645,
1111 silly audit report       url: 'https://github.com/advisories/GHSA-p92q-9vqr-4j8v',
1111 silly audit report       title: 'Axios: Proxy-Authorization Credential Leak to Origin Server Across HTTP-to-HTTPS Redirect in Axios Node.js HTTP Adapter',
1111 silly audit report       severity: 'high',
1111 silly audit report       vulnerable_versions: '>=1.0.0 <1.16.0',
1111 silly audit report       cwe: [Array],
1111 silly audit report       cvss: [Object]
1111 silly audit report     },
1111 silly audit report     {
1111 silly audit report       id: 1120647,
1111 silly audit report       url: 'https://github.com/advisories/GHSA-j5f8-grm9-p9fc',
1111 silly audit report       title: 'Axios: Proxy-Authorization header leaks to redirect target when proxy is re-evaluated to direct connection',
1111 silly audit report       severity: 'high',
1111 silly audit report       vulnerable_versions: '>=1.0.0 <1.16.0',
1111 silly audit report       cwe: [Array],
1111 silly audit report       cvss: [Object]
1111 silly audit report     },
1111 silly audit report     {
1111 silly audit report       id: 1120649,
1111 silly audit report       url: 'https://github.com/advisories/GHSA-3g43-6gmg-66jw',
1111 silly audit report       title: 'axios Vulnerable to Credential Theft and Response Hijacking via Prototype Pollution Gadget in Config Merge',
1111 silly audit report       severity: 'high',
1111 silly audit report       vulnerable_versions: '>=1.0.0 <1.15.2',
1111 silly audit report       cwe: [Array],
1111 silly audit report       cvss: [Object]
1111 silly audit report     },
1111 silly audit report     {
1111 silly audit report       id: 1120650,
1111 silly audit report       url: 'https://github.com/advisories/GHSA-35jp-ww65-95wh',
1111 silly audit report       title: 'axios Vulnerable to Full Man-in-the-Middle via Prototype Pollution Gadget in `config.proxy`',
1111 silly audit report       severity: 'high',
1111 silly audit report       vulnerable_versions: '>=1.0.0 <1.16.0',
1111 silly audit report       cwe: [Array],
1111 silly audit report       cvss: [Object]
1111 silly audit report     },
1111 silly audit report     {
1111 silly audit report       id: 1120652,
1111 silly audit report       url: 'https://github.com/advisories/GHSA-898c-q2cr-xwhg',
1111 silly audit report       title: 'axios has DoS & Header Injection via Prototype Pollution Read-Side Gadgets in axios merge functions',
1111 silly audit report       severity: 'moderate',
1111 silly audit report       vulnerable_versions: '>=1.0.0 <1.16.0',
1111 silly audit report       cwe: [Array],
1111 silly audit report       cvss: [Object]
1111 silly audit report     },
1111 silly audit report     {
1111 silly audit report       id: 1116673,
1111 silly audit report       url: 'https://github.com/advisories/GHSA-3p68-rc4w-qgx5',
1111 silly audit report       title: 'Axios has a NO_PROXY Hostname Normalization Bypass that Leads to SSRF',
1111 silly audit report       severity: 'moderate',
1111 silly audit report       vulnerable_versions: '>=1.0.0 <1.15.0',
1111 silly audit report       cwe: [Array],
1111 silly audit report       cvss: [Object]
1111 silly audit report     },
1111 silly audit report     {
1111 silly audit report       id: 1117574,
1111 silly audit report       url: 'https://github.com/advisories/GHSA-w9j2-pvgh-6h63',
1111 silly audit report       title: 'Axios: Authentication Bypass via Prototype Pollution Gadget in `validateStatus` Merge Strategy',
1111 silly audit report       severity: 'moderate',
1111 silly audit report       vulnerable_versions: '>=1.0.0 <1.15.1',
1111 silly audit report       cwe: [Array],
1111 silly audit report       cvss: [Object]
1111 silly audit report     },
1111 silly audit report     {
1111 silly audit report       id: 1117576,
1111 silly audit report       url: 'https://github.com/advisories/GHSA-pmwg-cvhr-8vh7',
1111 silly audit report       title: 'Axios: Incomplete Fix for CVE-2025-62718 — NO_PROXY Protection Bypassed via RFC 1122 Loopback Subnet (127.0.0.0/8) in Axios 1.15.0',
1111 silly audit report       severity: 'high',
1111 silly audit report       vulnerable_versions: '>=1.0.0 <1.15.1',
1111 silly audit report       cwe: [Array],
1111 silly audit report       cvss: [Object]
1111 silly audit report     },
1111 silly audit report     {
1111 silly audit report       id: 1117577,
1111 silly audit report       url: 'https://github.com/advisories/GHSA-3w6x-2g7m-8v23',
1111 silly audit report       title: 'Axios: Invisible JSON Response Tampering via Prototype Pollution Gadget in `parseReviver`',
1111 silly audit report       severity: 'moderate',
1111 silly audit report       vulnerable_versions: '>=1.0.0 <1.15.2',
1111 silly audit report       cwe: [Array],
1111 silly audit report       cvss: [Object]
1111 silly audit report     },
1111 silly audit report     {
1111 silly audit report       id: 1117580,
1111 silly audit report       url: 'https://github.com/advisories/GHSA-xhjh-pmcv-23jw',
1111 silly audit report       title: 'Axios: Null Byte Injection via Reverse-Encoding in AxiosURLSearchParams',
1111 silly audit report       severity: 'low',
1111 silly audit report       vulnerable_versions: '>=1.0.0 <1.15.1',
1111 silly audit report       cwe: [Array],
1111 silly audit report       cvss: [Object]
1111 silly audit report     },
1111 silly audit report     {
1111 silly audit report       id: 1117581,
1111 silly audit report       url: 'https://github.com/advisories/GHSA-445q-vr5w-6q77',
1111 silly audit report       title: 'Axios: CRLF Injection in multipart/form-data body via unsanitized blob.type in formDataToStream',
1111 silly audit report       severity: 'moderate',
1111 silly audit report       vulnerable_versions: '>=1.0.0 <1.15.1',
1111 silly audit report       cwe: [Array],
1111 silly audit report       cvss: [Object]
1111 silly audit report     },
1111 silly audit report     {
1111 silly audit report       id: 1117583,
1111 silly audit report       url: 'https://github.com/advisories/GHSA-m7pr-hjqh-92cm',
1111 silly audit report       title: 'Axios: no_proxy bypass via IP alias allows SSRF',
1111 silly audit report       severity: 'moderate',
1111 silly audit report       vulnerable_versions: '>=1.0.0 <1.15.1',
1111 silly audit report       cwe: [Array],
1111 silly audit report       cvss: [Object]
1111 silly audit report     },
1111 silly audit report     {
1111 silly audit report       id: 1117587,
1111 silly audit report       url: 'https://github.com/advisories/GHSA-5c9x-8gcm-mpgx',
1111 silly audit report       title: "Axios' HTTP adapter-streamed uploads bypass maxBodyLength when maxRedirects: 0",
1111 silly audit report       severity: 'moderate',
1111 silly audit report       vulnerable_versions: '>=1.0.0 <1.15.1',
1111 silly audit report       cwe: [Array],
1111 silly audit report       cvss: [Object]
1111 silly audit report     },
1111 silly audit report     {
1111 silly audit report       id: 1117589,
1111 silly audit report       url: 'https://github.com/advisories/GHSA-vf2m-468p-8v99',
1111 silly audit report       title: 'Axios: HTTP adapter streamed responses bypass maxContentLength',
1111 silly audit report       severity: 'moderate',
1111 silly audit report       vulnerable_versions: '>=1.0.0 <1.15.1',
1111 silly audit report       cwe: [Array],
1111 silly audit report       cvss: [Object]
1111 silly audit report     },
1111 silly audit report     {
1111 silly audit report       id: 1117591,
1111 silly audit report       url: 'https://github.com/advisories/GHSA-pf86-5x62-jrwf',
1111 silly audit report       title: 'Axios: Prototype Pollution Gadgets - Response Tampering, Data Exfiltration, and Request Hijacking',
1111 silly audit report       severity: 'high',
1111 silly audit report       vulnerable_versions: '>=1.0.0 <1.15.1',
1111 silly audit report       cwe: [Array],
1111 silly audit report       cvss: [Object]
1111 silly audit report     },
1111 silly audit report     {
1111 silly audit report       id: 1117593,
1111 silly audit report       url: 'https://github.com/advisories/GHSA-6chq-wfr3-2hj9',
1111 silly audit report       title: 'Axios: Header Injection via Prototype Pollution',
1111 silly audit report       severity: 'high',
1111 silly audit report       vulnerable_versions: '>=1.0.0 <1.15.1',
1111 silly audit report       cwe: [Array],
1111 silly audit report       cvss: [Object]
1111 silly audit report     },
1111 silly audit report     {
1111 silly audit report       id: 1117595,
1111 silly audit report       url: 'https://github.com/advisories/GHSA-xx6v-rp6x-q39c',
1111 silly audit report       title: 'Axios: XSRF Token Cross-Origin Leakage via Prototype Pollution Gadget in `withXSRFToken` Boolean Coercion',
1111 silly audit report       severity: 'moderate',
1111 silly audit report       vulnerable_versions: '>=1.0.0 <1.15.1',
1111 silly audit report       cwe: [Array],
1111 silly audit report       cvss: [Object]
1111 silly audit report     },
1111 silly audit report     {
1111 silly audit report       id: 1117858,
1111 silly audit report       url: 'https://github.com/advisories/GHSA-43fc-jf86-j433',
1111 silly audit report       title: 'Axios is Vulnerable to Denial of Service via __proto__ Key in mergeConfig',
1111 silly audit report       severity: 'high',
1111 silly audit report       vulnerable_versions: '>=1.0.0 <=1.13.4',
1111 silly audit report       cwe: [Array],
1111 silly audit report       cvss: [Object]
1111 silly audit report     }
1111 silly audit report   ],
1111 silly audit report   flatted: [
1111 silly audit report     {
1111 silly audit report       id: 1114526,
1111 silly audit report       url: 'https://github.com/advisories/GHSA-25h7-pfq9-p65f',
1111 silly audit report       title: 'flatted vulnerable to unbounded recursion DoS in parse() revive phase',
1111 silly audit report       severity: 'high',
1111 silly audit report       vulnerable_versions: '<3.4.0',
1111 silly audit report       cwe: [Array],
1111 silly audit report       cvss: [Object]
1111 silly audit report     },
1111 silly audit report     {
1111 silly audit report       id: 1115357,
1111 silly audit report       url: 'https://github.com/advisories/GHSA-rf6f-7fwh-wjgh',
1111 silly audit report       title: 'Prototype Pollution via parse() in NodeJS flatted',
1111 silly audit report       severity: 'high',
1111 silly audit report       vulnerable_versions: '<=3.4.1',
1111 silly audit report       cwe: [Array],
1111 silly audit report       cvss: [Object]
1111 silly audit report     }
1111 silly audit report   ],
1111 silly audit report   'follow-redirects': [
1111 silly audit report     {
1111 silly audit report       id: 1116560,
1111 silly audit report       url: 'https://github.com/advisories/GHSA-r4q5-vmmm-2653',
1111 silly audit report       title: 'follow-redirects leaks Custom Authentication Headers to Cross-Domain Redirect Targets',
1111 silly audit report       severity: 'moderate',
1111 silly audit report       vulnerable_versions: '<=1.15.11',
1111 silly audit report       cwe: [Array],
1111 silly audit report       cvss: [Object]
1111 silly audit report     }
1111 silly audit report   ],
1111 silly audit report   'js-yaml': [
1111 silly audit report     {
1111 silly audit report       id: 1112715,
1111 silly audit report       url: 'https://github.com/advisories/GHSA-mh29-5h37-fv8m',
1111 silly audit report       title: 'js-yaml has prototype pollution in merge (<<)',
1111 silly audit report       severity: 'moderate',
1111 silly audit report       vulnerable_versions: '>=4.0.0 <4.1.1',
1111 silly audit report       cwe: [Array],
1111 silly audit report       cvss: [Object]
1111 silly audit report     }
1111 silly audit report   ],
1111 silly audit report   lodash: [
1111 silly audit report     {
1111 silly audit report       id: 1120370,
1111 silly audit report       url: 'https://github.com/advisories/GHSA-xxjr-mmjv-4gpg',
1111 silly audit report       title: 'Lodash has Prototype Pollution Vulnerability in `_.unset` and `_.omit` functions',
1111 silly audit report       severity: 'moderate',
1111 silly audit report       vulnerable_versions: '>=4.0.0 <=4.17.22',
1111 silly audit report       cwe: [Array],
1111 silly audit report       cvss: [Object]
1111 silly audit report     },
1111 silly audit report     {
1111 silly audit report       id: 1115806,
1111 silly audit report       url: 'https://github.com/advisories/GHSA-r5fr-rjxr-66jc',
1111 silly audit report       title: 'lodash vulnerable to Code Injection via `_.template` imports key names',
1111 silly audit report       severity: 'high',
1111 silly audit report       vulnerable_versions: '>=4.0.0 <=4.17.23',
1111 silly audit report       cwe: [Array],
1111 silly audit report       cvss: [Object]
1111 silly audit report     },
1111 silly audit report     {
1111 silly audit report       id: 1115810,
1111 silly audit report       url: 'https://github.com/advisories/GHSA-f23m-r3pf-42rh',
1111 silly audit report       title: 'lodash vulnerable to Prototype Pollution via array path bypass in `_.unset` and `_.omit`',
1111 silly audit report       severity: 'moderate',
1111 silly audit report       vulnerable_versions: '<=4.17.23',
1111 silly audit report       cwe: [Array],
1111 silly audit report       cvss: [Object]
1111 silly audit report     }
1111 silly audit report   ],
1111 silly audit report   next: [
1111 silly audit report     {
1111 silly audit report       id: 1117931,
1111 silly audit report       url: 'https://github.com/advisories/GHSA-8h8q-6873-q5fj',
1111 silly audit report       title: 'Next.js Vulnerable to Denial of Service with Server Components',
1111 silly audit report       severity: 'high',
1111 silly audit report       vulnerable_versions: '>=13.0.0 <15.5.16',
1111 silly audit report       cwe: [Array],
1111 silly audit report       cvss: [Object]
1111 silly audit report     },
1111 silly audit report     {
1111 silly audit report       id: 1111369,
1111 silly audit report       url: 'https://github.com/advisories/GHSA-9qr9-h5gf-34mp',
1111 silly audit report       title: 'Next.js is vulnerable to RCE in React flight protocol',
1111 silly audit report       severity: 'critical',
1111 silly audit report       vulnerable_versions: '>=15.4.0-canary.0 <15.4.8',
1111 silly audit report       cwe: [Array],
1111 silly audit report       cvss: [Object]
1111 silly audit report     },
1111 silly audit report     {
1111 silly audit report       id: 1111377,
1111 silly audit report       url: 'https://github.com/advisories/GHSA-w37m-7fhw-fmv9',
1111 silly audit report       title: 'Next Server Actions Source Code Exposure ',
1111 silly audit report       severity: 'moderate',
1111 silly audit report       vulnerable_versions: '>=15.4.0-canary.0 <15.4.9',
1111 silly audit report       cwe: [Array],
1111 silly audit report       cvss: [Object]
1111 silly audit report     },
1111 silly audit report     {
1111 silly audit report       id: 1111386,
1111 silly audit report       url: 'https://github.com/advisories/GHSA-mwv6-3258-q52c',
1111 silly audit report       title: 'Next Vulnerable to Denial of Service with Server Components',
1111 silly audit report       severity: 'high',
1111 silly audit report       vulnerable_versions: '>=15.4.0-canary.0 <15.4.9',
1111 silly audit report       cwe: [Array],
1111 silly audit report       cvss: [Object]
1111 silly audit report     },
1111 silly audit report     {
1111 silly audit report       id: 1107228,
1111 silly audit report       url: 'https://github.com/advisories/GHSA-g5qg-72qw-gw5v',
1111 silly audit report       title: 'Next.js Affected by Cache Key Confusion for Image Optimization API Routes',
1111 silly audit report       severity: 'moderate',
1111 silly audit report       vulnerable_versions: '>=15.0.0 <=15.4.4',
1111 silly audit report       cwe: [Array],
1111 silly audit report       cvss: [Object]
1111 silly audit report     },
1111 silly audit report     {
1111 silly audit report       id: 1107514,
1111 silly audit report       url: 'https://github.com/advisories/GHSA-xv57-4mr9-wg8v',
1111 silly audit report       title: 'Next.js Content Injection Vulnerability for Image Optimization',
1111 silly audit report       severity: 'moderate',
1111 silly audit report       vulnerable_versions: '>=15.0.0 <=15.4.4',
1111 silly audit report       cwe: [Array],
1111 silly audit report       cvss: [Object]
1111 silly audit report     },
1111 silly audit report     {
1111 silly audit report       id: 1107515,
1111 silly audit report       url: 'https://github.com/advisories/GHSA-4342-x723-ch2f',
1111 silly audit report       title: 'Next.js Improper Middleware Redirect Handling Leads to SSRF',
1111 silly audit report       severity: 'moderate',
1111 silly audit report       vulnerable_versions: '>=15.0.0-canary.0 <15.4.7',
1111 silly audit report       cwe: [Array],
1111 silly audit report       cvss: [Object]
1111 silly audit report     },
1111 silly audit report     {
1111 silly audit report       id: 1118939,
1111 silly audit report       url: 'https://github.com/advisories/GHSA-26hh-7cqf-hhc6',
1111 silly audit report       title: 'Next.js has a Middleware / Proxy bypass in App Router applications via segment-prefetch routes - Incomplete Fix Follow-Up',
1111 silly audit report       severity: 'high',
1111 silly audit report       vulnerable_versions: '>=15.2.0 <15.5.18',
1111 silly audit report       cwe: [Array],
1111 silly audit report       cvss: [Object]
1111 silly audit report     },
1111 silly audit report     {
1111 silly audit report       id: 1118942,
1111 silly audit report       url: 'https://github.com/advisories/GHSA-3g8h-86w9-wvmq',
1111 silly audit report       title: "Next.js's Middleware / Proxy redirects can be cache-poisoned",
1111 silly audit report       severity: 'low',
1111 silly audit report       vulnerable_versions: '>=12.2.0 <15.5.16',
1111 silly audit report       cwe: [Array],
1111 silly audit report       cvss: [Object]
1111 silly audit report     },
1111 silly audit report     {
1111 silly audit report       id: 1118944,
1111 silly audit report       url: 'https://github.com/advisories/GHSA-ffhc-5mcf-pf4q',
1111 silly audit report       title: 'Next.js vulnerable to cross-site scripting in App Router applications using CSP nonces',
1111 silly audit report       severity: 'moderate',
1111 silly audit report       vulnerable_versions: '>=13.4.0 <15.5.16',
1111 silly audit report       cwe: [Array],
1111 silly audit report       cvss: [Object]
1111 silly audit report     },
1111 silly audit report     {
1111 silly audit report       id: 1118946,
1111 silly audit report       url: 'https://github.com/advisories/GHSA-vfv6-92ff-j949',
1111 silly audit report       title: 'Next.js vulnerable to cache poisoning via collisions in React Server Component cache-busting',
1111 silly audit report       severity: 'low',
1111 silly audit report       vulnerable_versions: '>=13.4.6 <15.5.16',
1111 silly audit report       cwe: [Array],
1111 silly audit report       cvss: [Object]
1111 silly audit report     },
1111 silly audit report     {
1111 silly audit report       id: 1118948,
1111 silly audit report       url: 'https://github.com/advisories/GHSA-gx5p-jg67-6x7h',
1111 silly audit report       title: 'Next.js has cross-site scripting in beforeInteractive scripts with untrusted input',
1111 silly audit report       severity: 'moderate',
1111 silly audit report       vulnerable_versions: '>=13.0.0 <15.5.16',
1111 silly audit report       cwe: [Array],
1111 silly audit report       cvss: [Object]
1111 silly audit report     },
1111 silly audit report     {
1111 silly audit report       id: 1118950,
1111 silly audit report       url: 'https://github.com/advisories/GHSA-mg66-mrh9-m8jx',
1111 silly audit report       title: 'Next.js vulnerable to Denial of Service via connection exhaustion in applications using Cache Components',
1111 silly audit report       severity: 'high',
1111 silly audit report       vulnerable_versions: '>=15.0.0 <15.5.16',
1111 silly audit report       cwe: [Array],
1111 silly audit report       cvss: [Object]
1111 silly audit report     },
1111 silly audit report     {
1111 silly audit report       id: 1118952,
1111 silly audit report       url: 'https://github.com/advisories/GHSA-h64f-5h5j-jqjh',
1111 silly audit report       title: 'Next.js has a Denial of Service in the Image Optimization API',
1111 silly audit report       severity: 'moderate',
1111 silly audit report       vulnerable_versions: '>=10.0.0 <15.5.16',
1111 silly audit report       cwe: [Array],
1111 silly audit report       cvss: [Object]
1111 silly audit report     },
1111 silly audit report     {
1111 silly audit report       id: 1118954,
1111 silly audit report       url: 'https://github.com/advisories/GHSA-c4j6-fc7j-m34r',
1111 silly audit report       title: 'Next.js vulnerable to server-side request forgery in applications using WebSocket upgrades',
1111 silly audit report       severity: 'high',
1111 silly audit report       vulnerable_versions: '>=13.4.13 <15.5.16',
1111 silly audit report       cwe: [Array],
1111 silly audit report       cvss: [Object]
1111 silly audit report     },
1111 silly audit report     {
1111 silly audit report       id: 1118956,
1111 silly audit report       url: 'https://github.com/advisories/GHSA-492v-c6pp-mqqv',
1111 silly audit report       title: 'Next.js has a Middleware / Proxy bypass through dynamic route parameter injection',
1111 silly audit report       severity: 'high',
1111 silly audit report       vulnerable_versions: '>=15.4.0 <15.5.16',
1111 silly audit report       cwe: [Array],
1111 silly audit report       cvss: [Object]
1111 silly audit report     },
1111 silly audit report     {
1111 silly audit report       id: 1118958,
1111 silly audit report       url: 'https://github.com/advisories/GHSA-wfc6-r584-vfw7',
1111 silly audit report       title: 'Next.js vulnerable to cache poisoning in React Server Component responses',
1111 silly audit report       severity: 'moderate',
1111 silly audit report       vulnerable_versions: '>=14.2.0 <15.5.16',
1111 silly audit report       cwe: [Array],
1111 silly audit report       cvss: [Object]
1111 silly audit report     },
1111 silly audit report     {
1111 silly audit report       id: 1118960,
1111 silly audit report       url: 'https://github.com/advisories/GHSA-267c-6grr-h53f',
1111 silly audit report       title: 'Next.js has a Middleware / Proxy bypass in App Router applications via segment-prefetch routes',
1111 silly audit report       severity: 'high',
1111 silly audit report       vulnerable_versions: '>=15.2.0 <15.5.16',
1111 silly audit report       cwe: [Array],
1111 silly audit report       cvss: [Object]
1111 silly audit report     },
1111 silly audit report     {
1111 silly audit report       id: 1118962,
1111 silly audit report       url: 'https://github.com/advisories/GHSA-36qx-fr4f-26g5',
1111 silly audit report       title: 'Next.js has a Middleware / Proxy bypass in Pages Router applications using i18n',
1111 silly audit report       severity: 'high',
1111 silly audit report       vulnerable_versions: '>=12.2.0 <15.5.16',
1111 silly audit report       cwe: [Array],
1111 silly audit report       cvss: [Object]
1111 silly audit report     },
1111 silly audit report     {
1111 silly audit report       id: 1112593,
1111 silly audit report       url: 'https://github.com/advisories/GHSA-9g9p-9gw9-jx7f',
1111 silly audit report       title: 'Next.js self-hosted applications vulnerable to DoS via Image Optimizer remotePatterns configuration',
1111 silly audit report       severity: 'moderate',
1111 silly audit report       vulnerable_versions: '>=10.0.0 <15.5.10',
1111 silly audit report       cwe: [Array],
1111 silly audit report       cvss: [Object]
1111 silly audit report     },
1111 silly audit report     {
1111 silly audit report       id: 1112649,
1111 silly audit report       url: 'https://github.com/advisories/GHSA-h25m-26qc-wcjf',
1111 silly audit report       title: 'Next.js HTTP request deserialization can lead to DoS when using insecure React Server Components',
1111 silly audit report       severity: 'high',
1111 silly audit report       vulnerable_versions: '>=15.4.0-canary.0 <15.4.11',
1111 silly audit report       cwe: [Array],
1111 silly audit report       cvss: [Object]
1111 silly audit report     },
1111 silly audit report     {
1111 silly audit report       id: 1114897,
1111 silly audit report       url: 'https://github.com/advisories/GHSA-ggv3-7p47-pfv8',
1111 silly audit report       title: 'Next.js: HTTP request smuggling in rewrites',
1111 silly audit report       severity: 'moderate',
1111 silly audit report       vulnerable_versions: '>=9.5.0 <15.5.13',
1111 silly audit report       cwe: [Array],
1111 silly audit report       cvss: [Object]
1111 silly audit report     },
1111 silly audit report     {
1111 silly audit report       id: 1114940,
1111 silly audit report       url: 'https://github.com/advisories/GHSA-3x4c-7xq6-9pq8',
1111 silly audit report       title: 'Next.js: Unbounded next/image disk cache growth can exhaust storage',
1111 silly audit report       severity: 'moderate',
1111 silly audit report       vulnerable_versions: '>=10.0.0 <15.5.14',
1111 silly audit report       cwe: [Array],
1111 silly audit report       cvss: [Object]
1111 silly audit report     },
1111 silly audit report     {
1111 silly audit report       id: 1116376,
1111 silly audit report       url: 'https://github.com/advisories/GHSA-q4gf-8mx6-v5v3',
1111 silly audit report       title: 'Next.js has a Denial of Service with Server Components',
1111 silly audit report       severity: 'high',
1111 silly audit report       vulnerable_versions: '>=13.0.0 <15.5.15',
1111 silly audit report       cwe: [Array],
1111 silly audit report       cvss: [Object]
1111 silly audit report     }
1111 silly audit report   ],
1111 silly audit report   postcss: [
1111 silly audit report     {
1111 silly audit report       id: 1117015,
1111 silly audit report       url: 'https://github.com/advisories/GHSA-qx2v-qp2m-jg93',
1111 silly audit report       title: 'PostCSS has XSS via Unescaped </style> in its CSS Stringify Output',
1111 silly audit report       severity: 'moderate',
1111 silly audit report       vulnerable_versions: '<8.5.10',
1111 silly audit report       cwe: [Array],
1111 silly audit report       cvss: [Object]
1111 silly audit report     }
1111 silly audit report   ],
1111 silly audit report   picomatch: [
1111 silly audit report     {
1111 silly audit report       id: 1115549,
1111 silly audit report       url: 'https://github.com/advisories/GHSA-3v7f-55p6-f55p',
1111 silly audit report       title: 'Picomatch: Method Injection in POSIX Character Classes causes incorrect Glob Matching',
1111 silly audit report       severity: 'moderate',
1111 silly audit report       vulnerable_versions: '<2.3.2',
1111 silly audit report       cwe: [Array],
1111 silly audit report       cvss: [Object]
1111 silly audit report     },
1111 silly audit report     {
1111 silly audit report       id: 1115551,
1111 silly audit report       url: 'https://github.com/advisories/GHSA-3v7f-55p6-f55p',
1111 silly audit report       title: 'Picomatch: Method Injection in POSIX Character Classes causes incorrect Glob Matching',
1111 silly audit report       severity: 'moderate',
1111 silly audit report       vulnerable_versions: '>=4.0.0 <4.0.4',
1111 silly audit report       cwe: [Array],
1111 silly audit report       cvss: [Object]
1111 silly audit report     },
1111 silly audit report     {
1111 silly audit report       id: 1115552,
1111 silly audit report       url: 'https://github.com/advisories/GHSA-c2c7-rcm5-vvqj',
1111 silly audit report       title: 'Picomatch has a ReDoS vulnerability via extglob quantifiers',
1111 silly audit report       severity: 'high',
1111 silly audit report       vulnerable_versions: '<2.3.2',
1111 silly audit report       cwe: [Array],
1111 silly audit report       cvss: [Object]
1111 silly audit report     },
1111 silly audit report     {
1111 silly audit report       id: 1115554,
1111 silly audit report       url: 'https://github.com/advisories/GHSA-c2c7-rcm5-vvqj',
1111 silly audit report       title: 'Picomatch has a ReDoS vulnerability via extglob quantifiers',
1111 silly audit report       severity: 'high',
1111 silly audit report       vulnerable_versions: '>=4.0.0 <4.0.4',
1111 silly audit report       cwe: [Array],
1111 silly audit report       cvss: [Object]
1111 silly audit report     }
1111 silly audit report   ],
1111 silly audit report   'react-router': [
1111 silly audit report     {
1111 silly audit report       id: 1112053,
1111 silly audit report       url: 'https://github.com/advisories/GHSA-2w69-qvjg-hvjx',
1111 silly audit report       title: 'React Router vulnerable to XSS via Open Redirects',
1111 silly audit report       severity: 'high',
1111 silly audit report       vulnerable_versions: '>=7.0.0 <=7.11.0',
1111 silly audit report       cwe: [Array],
1111 silly audit report       cvss: [Object]
1111 silly audit report     },
1111 silly audit report     {
1111 silly audit report       id: 1112055,
1111 silly audit report       url: 'https://github.com/advisories/GHSA-8v8x-cx79-35w7',
1111 silly audit report       title: 'React Router SSR XSS in ScrollRestoration',
1111 silly audit report       severity: 'high',
1111 silly audit report       vulnerable_versions: '>=7.0.0 <7.12.0',
1111 silly audit report       cwe: [Array],
1111 silly audit report       cvss: [Object]
1111 silly audit report     },
1111 silly audit report     {
1111 silly audit report       id: 1112056,
1111 silly audit report       url: 'https://github.com/advisories/GHSA-9jcx-v3wj-wh4m',
1111 silly audit report       title: 'React Router has unexpected external redirect via untrusted paths',
1111 silly audit report       severity: 'moderate',
1111 silly audit report       vulnerable_versions: '>=7.0.0 <7.9.6',
1111 silly audit report       cwe: [Array],
1111 silly audit report       cvss: [Object]
1111 silly audit report     },
1111 silly audit report     {
1111 silly audit report       id: 1112062,
1111 silly audit report       url: 'https://github.com/advisories/GHSA-3cgp-3xvw-98x8',
1111 silly audit report       title: 'React Router has XSS Vulnerability',
1111 silly audit report       severity: 'high',
1111 silly audit report       vulnerable_versions: '>=7.0.0 <=7.8.2',
1111 silly audit report       cwe: [Array],
1111 silly audit report       cvss: [Object]
1111 silly audit report     },
1111 silly audit report     {
1111 silly audit report       id: 1120063,
1111 silly audit report       url: 'https://github.com/advisories/GHSA-49rj-9fvp-4h2h',
1111 silly audit report       title: "React Router's vendored turbo-stream v2 allows arbitrary constructor invocation via TYPE_ERROR deserialization leading to Unauth RCE",
1111 silly audit report       severity: 'high',
1111 silly audit report       vulnerable_versions: '>=7.0.0 <=7.14.1',
1111 silly audit report       cwe: [Array],
1111 silly audit report       cvss: [Object]
1111 silly audit report     },
1111 silly audit report     {
1111 silly audit report       id: 1120065,
1111 silly audit report       url: 'https://github.com/advisories/GHSA-2j2x-hqr9-3h42',
1111 silly audit report       title: "React Router's same-origin redirect with path starting // causes open redirect via protocol-relative URL reinterpretation",
1111 silly audit report       severity: 'moderate',
1111 silly audit report       vulnerable_versions: '>=7.0.0 <7.14.1',
1111 silly audit report       cwe: [Array],
1111 silly audit report       cvss: [Object]
1111 silly audit report     },
1111 silly audit report     {
1111 silly audit report       id: 1120066,
1111 silly audit report       url: 'https://github.com/advisories/GHSA-8646-j5j9-6r62',
1111 silly audit report       title: 'React Router vulnerable to XSS in unstable RSC redirect handling via javascript: redirect targets',
1111 silly audit report       severity: 'high',
1111 silly audit report       vulnerable_versions: '>=7.7.0 <7.13.2',
1111 silly audit report       cwe: [Array],
1111 silly audit report       cvss: [Object]
1111 silly audit report     },
1111 silly audit report     {
1111 silly audit report       id: 1120067,
1111 silly audit report       url: 'https://github.com/advisories/GHSA-f22v-gfqf-p8f3',
1111 silly audit report       title: 'React Router has stored XSS via unescaped Location header in prerendered redirect HTML',
1111 silly audit report       severity: 'moderate',
1111 silly audit report       vulnerable_versions: '>=7.5.1 <7.13.2',
1111 silly audit report       cwe: [Array],
1111 silly audit report       cvss: [Object]
1111 silly audit report     },
1111 silly audit report     {
1111 silly audit report       id: 1120069,
1111 silly audit report       url: 'https://github.com/advisories/GHSA-8x6r-g9mw-2r78',
1111 silly audit report       title: 'React Router vulnerable to DoS via unbounded path expansion in __manifest endpoint',
1111 silly audit report       severity: 'high',
1111 silly audit report       vulnerable_versions: '>=7.0.0 <7.15.0',
1111 silly audit report       cwe: [Array],
1111 silly audit report       cvss: [Object]
1111 silly audit report     },
1111 silly audit report     {
1111 silly audit report       id: 1120081,
1111 silly audit report       url: 'https://github.com/advisories/GHSA-rxv8-25v2-qmq8',
1111 silly audit report       title: 'React Router vulnerable to Denial of Service via reflected user input in single-fetch',
1111 silly audit report       severity: 'high',
1111 silly audit report       vulnerable_versions: '>=7.0.0 <7.14.0',
1111 silly audit report       cwe: [Array],
1111 silly audit report       cvss: [Object]
1111 silly audit report     },
1111 silly audit report     {
1111 silly audit report       id: 1120382,
1111 silly audit report       url: 'https://github.com/advisories/GHSA-h5cw-625j-3rxh',
1111 silly audit report       title: 'React Router has CSRF issue in Action/Server Action Request Processing',
1111 silly audit report       severity: 'moderate',
1111 silly audit report       vulnerable_versions: '>=7.0.0 <=7.11.0',
1111 silly audit report       cwe: [Array],
1111 silly audit report       cvss: [Object]
1111 silly audit report     }
1111 silly audit report   ],
1111 silly audit report   tar: [
1111 silly audit report     {
1111 silly audit report       id: 1112659,
1111 silly audit report       url: 'https://github.com/advisories/GHSA-34x7-hfp2-rc4v',
1111 silly audit report       title: 'node-tar Vulnerable to Arbitrary File Creation/Overwrite via Hardlink Path Traversal',
1111 silly audit report       severity: 'high',
1111 silly audit report       vulnerable_versions: '<7.5.7',
1111 silly audit report       cwe: [Array],
1111 silly audit report       cvss: [Object]
1111 silly audit report     },
1111 silly audit report     {
1111 silly audit report       id: 1113300,
1111 silly audit report       url: 'https://github.com/advisories/GHSA-8qq5-rm4j-mr97',
1111 silly audit report       title: 'node-tar is Vulnerable to Arbitrary File Overwrite and Symlink Poisoning via Insufficient Path Sanitization',
1111 silly audit report       severity: 'high',
1111 silly audit report       vulnerable_versions: '<=7.5.2',
1111 silly audit report       cwe: [Array],
1111 silly audit report       cvss: [Object]
1111 silly audit report     },
1111 silly audit report     {
1111 silly audit report       id: 1113375,
1111 silly audit report       url: 'https://github.com/advisories/GHSA-83g3-92jg-28cx',
1111 silly audit report       title: 'Arbitrary File Read/Write via Hardlink Target Escape Through Symlink Chain in node-tar Extraction',
1111 silly audit report       severity: 'high',
1111 silly audit report       vulnerable_versions: '<7.5.8',
1111 silly audit report       cwe: [Array],
1111 silly audit report       cvss: [Object]
1111 silly audit report     },
1111 silly audit report     {
1111 silly audit report       id: 1114200,
1111 silly audit report       url: 'https://github.com/advisories/GHSA-qffp-2rhf-9h96',
1111 silly audit report       title: 'tar has Hardlink Path Traversal via Drive-Relative Linkpath',
1111 silly audit report       severity: 'high',
1111 silly audit report       vulnerable_versions: '<=7.5.9',
1111 silly audit report       cwe: [Array],
1111 silly audit report       cvss: [Object]
1111 silly audit report     },
1111 silly audit report     {
1111 silly audit report       id: 1114302,
1111 silly audit report       url: 'https://github.com/advisories/GHSA-9ppj-qmqm-q256',
1111 silly audit report       title: 'node-tar Symlink Path Traversal via Drive-Relative Linkpath',
1111 silly audit report       severity: 'high',
1111 silly audit report       vulnerable_versions: '<=7.5.10',
1111 silly audit report       cwe: [Array],
1111 silly audit report       cvss: [Object]
1111 silly audit report     },
1111 silly audit report     {
1111 silly audit report       id: 1114680,
1111 silly audit report       url: 'https://github.com/advisories/GHSA-r6q2-hw4h-h46w',
1111 silly audit report       title: 'Race Condition in node-tar Path Reservations via Unicode Ligature Collisions on macOS APFS',
1111 silly audit report       severity: 'high',
1111 silly audit report       vulnerable_versions: '<=7.5.3',
1111 silly audit report       cwe: [Array],
1111 silly audit report       cvss: [Object]
1111 silly audit report     }
1111 silly audit report   ]
1111 silly audit report }
1112 silly packumentCache corgi:https://registry.npmjs.org/@eslint%2fplugin-kit cache-miss
1113 silly packumentCache corgi:https://registry.npmjs.org/brace-expansion cache-miss
1114 silly packumentCache corgi:https://registry.npmjs.org/minimatch cache-miss
1115 silly packumentCache corgi:https://registry.npmjs.org/ajv cache-miss
1116 silly packumentCache corgi:https://registry.npmjs.org/axios cache-miss
1117 silly packumentCache corgi:https://registry.npmjs.org/flatted cache-miss
1118 silly packumentCache corgi:https://registry.npmjs.org/follow-redirects cache-miss
1119 silly packumentCache corgi:https://registry.npmjs.org/js-yaml cache-miss
1120 silly packumentCache corgi:https://registry.npmjs.org/lodash cache-miss
1121 silly packumentCache corgi:https://registry.npmjs.org/next cache-miss
1122 silly packumentCache corgi:https://registry.npmjs.org/postcss cache-miss
1123 silly packumentCache corgi:https://registry.npmjs.org/picomatch cache-miss
1124 silly packumentCache corgi:https://registry.npmjs.org/react-router cache-miss
1125 silly packumentCache corgi:https://registry.npmjs.org/tar cache-miss
1126 http fetch GET 200 https://registry.npmjs.org/yocto-queue/-/yocto-queue-0.1.0.tgz 1169ms (cache miss)
1127 http fetch GET 200 https://registry.npmjs.org/unbox-primitive/-/unbox-primitive-1.1.0.tgz 1364ms (cache miss)
1128 http fetch GET 200 https://registry.npmjs.org/typed-array-byte-offset/-/typed-array-byte-offset-1.0.4.tgz 1383ms (cache miss)
1129 http fetch GET 200 https://registry.npmjs.org/unrs-resolver/-/unrs-resolver-1.11.1.tgz 1394ms (cache miss)
1130 http fetch GET 200 https://registry.npmjs.org/typed-array-byte-length/-/typed-array-byte-length-1.0.3.tgz 1407ms (cache miss)
1131 http fetch GET 200 https://registry.npmjs.org/which/-/which-2.0.2.tgz 1524ms (cache miss)
1132 http fetch GET 200 https://registry.npmjs.org/word-wrap/-/word-wrap-1.2.5.tgz 1586ms (cache miss)
1133 http fetch GET 200 https://registry.npmjs.org/typed-array-buffer/-/typed-array-buffer-1.0.3.tgz 1567ms (cache miss)
1134 http fetch GET 200 https://registry.npmjs.org/tinyglobby/-/tinyglobby-0.2.14.tgz 1983ms (cache miss)
1135 http fetch GET 200 https://registry.npmjs.org/supports-color/-/supports-color-7.2.0.tgz 2017ms (cache miss)
1136 http fetch GET 200 https://registry.npmjs.org/strip-json-comments/-/strip-json-comments-3.1.1.tgz 2063ms (cache miss)
1137 http fetch GET 200 https://registry.npmjs.org/which-collection/-/which-collection-1.0.2.tgz 2119ms (cache miss)
1138 http fetch GET 200 https://registry.npmjs.org/strip-bom/-/strip-bom-3.0.0.tgz 2096ms (cache miss)
1139 http fetch GET 200 https://registry.npmjs.org/which-builtin-type/-/which-builtin-type-1.2.1.tgz 2144ms (cache miss)
1140 http fetch GET 200 https://registry.npmjs.org/thumbhash/-/thumbhash-0.1.1.tgz 2170ms (cache miss)
1141 http fetch GET 200 https://registry.npmjs.org/stable-hash/-/stable-hash-0.0.5.tgz 2198ms (cache miss)
1142 http fetch GET 200 https://registry.npmjs.org/tw-animate-css/-/tw-animate-css-1.3.5.tgz 2241ms (cache miss)
1143 http fetch GET 200 https://registry.npmjs.org/simple-swizzle/-/simple-swizzle-0.2.2.tgz 2381ms (cache miss)
1144 http fetch GET 200 https://registry.npmjs.org/shebang-command/-/shebang-command-2.0.0.tgz 2381ms (cache miss)
1145 http fetch GET 200 https://registry.npmjs.org/which-typed-array/-/which-typed-array-1.1.19.tgz 2483ms (cache miss)
1146 http fetch GET 200 https://registry.npmjs.org/to-regex-range/-/to-regex-range-5.0.1.tgz 2499ms (cache miss)
1147 http fetch GET 200 https://registry.npmjs.org/type-check/-/type-check-0.4.0.tgz 2528ms (cache miss)
1148 http fetch GET 200 https://registry.npmjs.org/shebang-regex/-/shebang-regex-3.0.0.tgz 2502ms (cache miss)
1149 http fetch GET 200 https://registry.npmjs.org/yallist/-/yallist-5.0.0.tgz 2639ms (cache miss)
1150 http fetch GET 200 https://registry.npmjs.org/which-boxed-primitive/-/which-boxed-primitive-1.1.1.tgz 2637ms (cache miss)
1151 http fetch GET 200 https://registry.npmjs.org/run-parallel/-/run-parallel-1.2.0.tgz 2623ms (cache miss)
1152 http fetch GET 200 https://registry.npmjs.org/resolve-from/-/resolve-from-4.0.0.tgz 2694ms (cache miss)
1153 http fetch GET 200 https://registry.npmjs.org/set-cookie-parser/-/set-cookie-parser-2.7.1.tgz 2768ms (cache miss)
1154 http fetch GET 200 https://registry.npmjs.org/typed-array-length/-/typed-array-length-1.0.7.tgz 2812ms (cache miss)
1155 http fetch GET 200 https://registry.npmjs.org/regexp.prototype.flags/-/regexp.prototype.flags-1.5.4.tgz 2770ms (cache miss)
1156 http fetch GET 200 https://registry.npmjs.org/react-router-dom/-/react-router-dom-7.7.0.tgz 2768ms (cache miss)
1157 http fetch GET 200 https://registry.npmjs.org/react-merge-refs/-/react-merge-refs-2.1.1.tgz 2906ms (cache miss)
1158 http fetch GET 200 https://registry.npmjs.org/react-is/-/react-is-16.13.1.tgz 2906ms (cache miss)
1159 http fetch GET 200 https://registry.npmjs.org/proxy-from-env/-/proxy-from-env-1.1.0.tgz 2981ms (cache miss)
1160 http fetch GET 200 https://registry.npmjs.org/path-key/-/path-key-3.1.1.tgz 2973ms (cache miss)
1161 http fetch GET 200 https://registry.npmjs.org/queue-microtask/-/queue-microtask-1.2.3.tgz 2988ms (cache miss)
1162 http fetch GET 200 https://registry.npmjs.org/punycode/-/punycode-2.3.1.tgz 3024ms (cache miss)
1163 http fetch GET 200 https://registry.npmjs.org/path-parse/-/path-parse-1.0.7.tgz 3046ms (cache miss)
1164 http fetch GET 200 https://registry.npmjs.org/picocolors/-/picocolors-1.1.1.tgz 3041ms (cache miss)
1165 http fetch GET 200 https://registry.npmjs.org/semver-compare/-/semver-compare-1.0.0.tgz 3081ms (cache miss)
1166 http fetch GET 200 https://registry.npmjs.org/supports-preserve-symlinks-flag/-/supports-preserve-symlinks-flag-1.0.0.tgz 3114ms (cache miss)
1167 http fetch GET 200 https://registry.npmjs.org/path-exists/-/path-exists-4.0.0.tgz 3094ms (cache miss)
1168 http fetch GET 200 https://registry.npmjs.org/p-limit/-/p-limit-3.1.0.tgz 3091ms (cache miss)
1169 http fetch GET 200 https://registry.npmjs.org/parent-module/-/parent-module-1.0.1.tgz 3096ms (cache miss)
1170 http fetch GET 200 https://registry.npmjs.org/vaul/-/vaul-1.1.2.tgz 3190ms (cache miss)
1171 http fetch GET 200 https://registry.npmjs.org/set-function-name/-/set-function-name-2.0.2.tgz 3149ms (cache miss)
1172 http fetch GET 200 https://registry.npmjs.org/p-locate/-/p-locate-5.0.0.tgz 3120ms (cache miss)
1173 http fetch GET 200 https://registry.npmjs.org/object-assign/-/object-assign-4.1.1.tgz 3156ms (cache miss)
1174 http fetch GET 200 https://registry.npmjs.org/resolve-pkg-maps/-/resolve-pkg-maps-1.0.0.tgz 3212ms (cache miss)
1175 http fetch GET 200 https://registry.npmjs.org/object.groupby/-/object.groupby-1.0.3.tgz 3187ms (cache miss)
1176 http fetch GET 200 https://registry.npmjs.org/stop-iteration-iterator/-/stop-iteration-iterator-1.1.0.tgz 3254ms (cache miss)
1177 http fetch GET 200 https://registry.npmjs.org/object.entries/-/object.entries-1.1.9.tgz 3242ms (cache miss)
1178 http fetch GET 200 https://registry.npmjs.org/on-change/-/on-change-4.0.0.tgz 3244ms (cache miss)
1179 http fetch GET 200 https://registry.npmjs.org/object.fromentries/-/object.fromentries-2.0.8.tgz 3243ms (cache miss)
1180 http fetch GET 200 https://registry.npmjs.org/tiny-invariant/-/tiny-invariant-1.3.3.tgz 3331ms (cache miss)
1181 http fetch GET 200 https://registry.npmjs.org/ms/-/ms-2.1.3.tgz 3299ms (cache miss)
1182 http fetch GET 200 https://registry.npmjs.org/sonner/-/sonner-2.0.6.tgz 3407ms (cache miss)
1183 http fetch GET 200 https://registry.npmjs.org/merge2/-/merge2-1.4.1.tgz 3370ms (cache miss)
1184 http fetch GET 200 https://registry.npmjs.org/micromatch/-/micromatch-4.0.8.tgz 3370ms (cache miss)
1185 http fetch GET 200 https://registry.npmjs.org/use-sync-external-store/-/use-sync-external-store-1.5.0.tgz 3492ms (cache miss)
1186 http fetch GET 200 https://registry.npmjs.org/side-channel-map/-/side-channel-map-1.0.1.tgz 3455ms (cache miss)
1187 http fetch GET 200 https://registry.npmjs.org/natural-compare/-/natural-compare-1.4.0.tgz 3395ms (cache miss)
1188 http fetch GET 200 https://registry.npmjs.org/mime-types/-/mime-types-2.1.35.tgz 3408ms (cache miss)
1189 http fetch GET 200 https://registry.npmjs.org/safe-push-apply/-/safe-push-apply-1.0.0.tgz 3474ms (cache miss)
1190 http fetch GET 200 https://registry.npmjs.org/safe-regex-test/-/safe-regex-test-1.1.0.tgz 3477ms (cache miss)
1191 http fetch GET 200 https://registry.npmjs.org/side-channel-weakmap/-/side-channel-weakmap-1.0.2.tgz 3490ms (cache miss)
1192 http fetch GET 200 https://registry.npmjs.org/safe-array-concat/-/safe-array-concat-1.1.3.tgz 3480ms (cache miss)
1193 http fetch GET 200 https://registry.npmjs.org/set-function-length/-/set-function-length-1.2.2.tgz 3513ms (cache miss)
1194 http fetch GET 200 https://registry.npmjs.org/string.prototype.repeat/-/string.prototype.repeat-1.0.0.tgz 3551ms (cache miss)
1195 http fetch GET 200 https://registry.npmjs.org/side-channel/-/side-channel-1.1.0.tgz 3538ms (cache miss)
1196 http fetch GET 200 https://registry.npmjs.org/minimatch/-/minimatch-3.1.2.tgz 3485ms (cache miss)
1197 http fetch GET 200 https://registry.npmjs.org/loose-envify/-/loose-envify-1.4.0.tgz 3515ms (cache miss)
1198 http fetch GET 200 https://registry.npmjs.org/lodash.merge/-/lodash.merge-4.6.2.tgz 3516ms (cache miss)
1199 http fetch GET 200 https://registry.npmjs.org/lodash.debounce/-/lodash.debounce-4.0.8.tgz 3534ms (cache miss)
1200 http fetch GET 200 https://registry.npmjs.org/tslib/-/tslib-2.8.1.tgz 3656ms (cache miss)
1201 http fetch GET 200 https://registry.npmjs.org/math-intrinsics/-/math-intrinsics-1.1.0.tgz 3563ms (cache miss)
1202 http fetch GET 200 https://registry.npmjs.org/optionator/-/optionator-0.9.4.tgz 3595ms (cache miss)
1203 http fetch GET 200 https://registry.npmjs.org/side-channel-list/-/side-channel-list-1.0.0.tgz 3691ms (cache miss)
1204 http fetch GET 200 https://registry.npmjs.org/language-tags/-/language-tags-1.0.9.tgz 3640ms (cache miss)
1205 http fetch GET 200 https://registry.npmjs.org/levn/-/levn-0.4.1.tgz 3643ms (cache miss)
1206 http fetch GET 200 https://registry.npmjs.org/keyv/-/keyv-4.5.4.tgz 3658ms (cache miss)
1207 http fetch GET 200 https://registry.npmjs.org/prelude-ls/-/prelude-ls-1.2.1.tgz 3715ms (cache miss)
1208 http fetch GET 200 https://registry.npmjs.org/string.prototype.trim/-/string.prototype.trim-1.2.10.tgz 3768ms (cache miss)
1209 http fetch GET 200 https://registry.npmjs.org/locate-path/-/locate-path-6.0.0.tgz 3692ms (cache miss)
1210 http fetch GET 200 https://registry.npmjs.org/possible-typed-array-names/-/possible-typed-array-names-1.1.0.tgz 3739ms (cache miss)
1211 http fetch GET 200 https://registry.npmjs.org/next-themes/-/next-themes-0.4.6.tgz 3721ms (cache miss)
1212 http fetch GET 200 https://registry.npmjs.org/ts-api-utils/-/ts-api-utils-2.1.0.tgz 3924ms (cache miss)
1213 http fetch GET 200 https://registry.npmjs.org/set-proto/-/set-proto-1.0.0.tgz 3923ms (cache miss)
1214 http fetch GET 200 https://registry.npmjs.org/reusify/-/reusify-1.1.0.tgz 3934ms (cache miss)
1215 http fetch GET 200 https://registry.npmjs.org/json-buffer/-/json-buffer-3.0.1.tgz 3886ms (cache miss)
1216 http fetch GET 200 https://registry.npmjs.org/json-schema-traverse/-/json-schema-traverse-0.4.1.tgz 3887ms (cache miss)
1217 http fetch GET 200 https://registry.npmjs.org/mime-db/-/mime-db-1.52.0.tgz 3906ms (cache miss)
1218 http fetch GET 200 https://registry.npmjs.org/isexe/-/isexe-2.0.0.tgz 3952ms (cache miss)
1219 http fetch GET 200 https://registry.npmjs.org/own-keys/-/own-keys-1.0.1.tgz 3996ms (cache miss)
1220 http fetch GET 200 https://registry.npmjs.org/js-tokens/-/js-tokens-4.0.0.tgz 4010ms (cache miss)
1221 http fetch GET 200 https://registry.npmjs.org/string.prototype.trimend/-/string.prototype.trimend-1.0.9.tgz 4133ms (cache miss)
1222 http fetch GET 200 https://registry.npmjs.org/isarray/-/isarray-2.0.5.tgz 4046ms (cache miss)
1223 http fetch GET 200 https://registry.npmjs.org/iterator.prototype/-/iterator.prototype-1.1.5.tgz 4050ms (cache miss)
1224 http fetch GET 200 https://registry.npmjs.org/object-keys/-/object-keys-1.1.1.tgz 4089ms (cache miss)
1225 http fetch GET 200 https://registry.npmjs.org/scheduler/-/scheduler-0.26.0.tgz 4143ms (cache miss)
1226 http fetch GET 200 https://registry.npmjs.org/string.prototype.trimstart/-/string.prototype.trimstart-1.0.8.tgz 4204ms (cache miss)
1227 http fetch GET 200 https://registry.npmjs.org/is-weakset/-/is-weakset-2.0.4.tgz 4119ms (cache miss)
1228 http fetch GET 200 https://registry.npmjs.org/prop-types/-/prop-types-15.8.1.tgz 4186ms (cache miss)
1229 http fetch GET 200 https://registry.npmjs.org/is-weakmap/-/is-weakmap-2.0.2.tgz 4204ms (cache miss)
1230 http fetch GET 200 https://registry.npmjs.org/is-weakref/-/is-weakref-1.1.1.tgz 4205ms (cache miss)
1231 http fetch GET 200 https://registry.npmjs.org/is-string/-/is-string-1.1.1.tgz 4254ms (cache miss)
1232 http fetch GET 200 https://registry.npmjs.org/is-typed-array/-/is-typed-array-1.1.15.tgz 4253ms (cache miss)
1233 http fetch GET 200 https://registry.npmjs.org/is-set/-/is-set-2.0.3.tgz 4255ms (cache miss)
1234 http fetch GET 200 https://registry.npmjs.org/picomatch/-/picomatch-2.3.1.tgz 4340ms (cache miss)
1235 http fetch GET 200 https://registry.npmjs.org/is-shared-array-buffer/-/is-shared-array-buffer-1.0.4.tgz 4346ms (cache miss)
1236 http fetch GET 200 https://registry.npmjs.org/string.prototype.matchall/-/string.prototype.matchall-4.0.12.tgz 4517ms (cache miss)
1237 http fetch GET 200 https://registry.npmjs.org/reflect.getprototypeof/-/reflect.getprototypeof-1.0.10.tgz 4491ms (cache miss)
1238 http fetch GET 200 https://registry.npmjs.org/is-regex/-/is-regex-1.2.1.tgz 4415ms (cache miss)
1239 http fetch GET 200 https://registry.npmjs.org/is-number/-/is-number-7.0.0.tgz 4463ms (cache miss)
1240 http fetch GET 200 https://registry.npmjs.org/is-finalizationregistry/-/is-finalizationregistry-1.1.1.tgz 4462ms (cache miss)
1241 http fetch GET 200 https://registry.npmjs.org/is-glob/-/is-glob-4.0.3.tgz 4464ms (cache miss)
1242 http fetch GET 200 https://registry.npmjs.org/is-extglob/-/is-extglob-2.1.1.tgz 4539ms (cache miss)
1243 http fetch GET 200 https://registry.npmjs.org/is-date-object/-/is-date-object-1.1.0.tgz 4565ms (cache miss)
1244 http fetch GET 200 https://registry.npmjs.org/string.prototype.includes/-/string.prototype.includes-2.0.1.tgz 4686ms (cache miss)
1245 http fetch GET 200 https://registry.npmjs.org/is-callable/-/is-callable-1.2.7.tgz 4611ms (cache miss)
1246 http fetch GET 200 https://registry.npmjs.org/is-number-object/-/is-number-object-1.1.1.tgz 4616ms (cache miss)
1247 http fetch GET 200 https://registry.npmjs.org/is-map/-/is-map-2.0.3.tgz 4644ms (cache miss)
1248 http fetch GET 200 https://registry.npmjs.org/import-fresh/-/import-fresh-3.3.1.tgz 4637ms (cache miss)
1249 http fetch GET 200 https://registry.npmjs.org/tapable/-/tapable-2.2.2.tgz 4778ms (cache miss)
1250 http fetch GET 200 https://registry.npmjs.org/is-boolean-object/-/is-boolean-object-1.2.2.tgz 4687ms (cache miss)
1251 http fetch GET 200 https://registry.npmjs.org/has-tostringtag/-/has-tostringtag-1.0.2.tgz 4695ms (cache miss)
1252 http fetch GET 200 https://registry.npmjs.org/internmap/-/internmap-2.0.3.tgz 4716ms (cache miss)
1253 http fetch GET 200 https://registry.npmjs.org/internal-slot/-/internal-slot-1.1.0.tgz 4714ms (cache miss)
1254 http fetch GET 200 https://registry.npmjs.org/hasown/-/hasown-2.0.2.tgz 4728ms (cache miss)
1255 http fetch GET 200 https://registry.npmjs.org/is-async-function/-/is-async-function-2.1.1.tgz 4759ms (cache miss)
1256 http fetch GET 200 https://registry.npmjs.org/is-bigint/-/is-bigint-1.1.0.tgz 4822ms (cache miss)
1257 http fetch GET 200 https://registry.npmjs.org/imurmurhash/-/imurmurhash-0.1.4.tgz 4824ms (cache miss)
1258 http fetch GET 200 https://registry.npmjs.org/has-symbols/-/has-symbols-1.1.0.tgz 4871ms (cache miss)
1259 http fetch GET 200 https://registry.npmjs.org/has-flag/-/has-flag-4.0.0.tgz 4918ms (cache miss)
1260 http fetch GET 200 https://registry.npmjs.org/gopd/-/gopd-1.2.0.tgz 4918ms (cache miss)
1261 http fetch GET 200 https://registry.npmjs.org/graceful-fs/-/graceful-fs-4.2.11.tgz 4920ms (cache miss)
1262 http fetch GET 200 https://registry.npmjs.org/json5/-/json5-1.0.2.tgz 4979ms (cache miss)
1263 http fetch GET 200 https://registry.npmjs.org/has-property-descriptors/-/has-property-descriptors-1.0.2.tgz 4960ms (cache miss)
1264 http fetch GET 200 https://registry.npmjs.org/has-proto/-/has-proto-1.2.0.tgz 4962ms (cache miss)
1265 http fetch GET 200 https://registry.npmjs.org/has-bigints/-/has-bigints-1.1.0.tgz 4961ms (cache miss)
1266 http fetch GET 200 https://registry.npmjs.org/get-symbol-description/-/get-symbol-description-1.1.0.tgz 4959ms (cache miss)
1267 http fetch GET 200 https://registry.npmjs.org/is-data-view/-/is-data-view-1.0.2.tgz 4994ms (cache miss)
1268 http fetch GET 200 https://registry.npmjs.org/source-map-js/-/source-map-js-1.2.1.tgz 5111ms (cache miss)
1269 http fetch GET 200 https://registry.npmjs.org/is-arrayish/-/is-arrayish-0.3.2.tgz 5005ms (cache miss)
1270 http fetch GET 200 https://registry.npmjs.org/globalthis/-/globalthis-1.0.4.tgz 4994ms (cache miss)
1271 http fetch GET 200 https://registry.npmjs.org/get-nonce/-/get-nonce-1.0.1.tgz 4998ms (cache miss)
1272 http fetch GET 200 https://registry.npmjs.org/object.values/-/object.values-1.2.1.tgz 5106ms (cache miss)
1273 http fetch GET 200 https://registry.npmjs.org/get-proto/-/get-proto-1.0.1.tgz 5042ms (cache miss)
1274 http fetch GET 200 https://registry.npmjs.org/glob-parent/-/glob-parent-6.0.2.tgz 5076ms (cache miss)
1275 http fetch GET 200 https://registry.npmjs.org/functions-have-names/-/functions-have-names-1.2.3.tgz 5102ms (cache miss)
1276 http fetch GET 200 https://registry.npmjs.org/is-bun-module/-/is-bun-module-2.0.0.tgz 5161ms (cache miss)
1277 http fetch GET 200 https://registry.npmjs.org/find-up/-/find-up-5.0.0.tgz 5141ms (cache miss)
1278 http fetch GET 200 https://registry.npmjs.org/fill-range/-/fill-range-7.1.1.tgz 5164ms (cache miss)
1279 http fetch GET 200 https://registry.npmjs.org/flatted/-/flatted-3.3.3.tgz 5212ms (cache miss)
1280 http fetch GET 200 https://registry.npmjs.org/follow-redirects/-/follow-redirects-1.15.9.tgz 5214ms (cache miss)
1281 http fetch GET 200 https://registry.npmjs.org/ignore/-/ignore-5.3.2.tgz 5264ms (cache miss)
1282 http fetch GET 200 https://registry.npmjs.org/function.prototype.name/-/function.prototype.name-1.1.8.tgz 5291ms (cache miss)
1283 http fetch GET 200 https://registry.npmjs.org/for-each/-/for-each-0.3.5.tgz 5323ms (cache miss)
1284 http fetch GET 200 https://registry.npmjs.org/fast-deep-equal/-/fast-deep-equal-3.1.3.tgz 5333ms (cache miss)
1285 http fetch GET 200 https://registry.npmjs.org/is-core-module/-/is-core-module-2.16.1.tgz 5399ms (cache miss)
1286 http fetch GET 200 https://registry.npmjs.org/estraverse/-/estraverse-5.3.0.tgz 5370ms (cache miss)
1287 http fetch GET 200 https://registry.npmjs.org/file-entry-cache/-/file-entry-cache-8.0.0.tgz 5394ms (cache miss)
1288 http fetch GET 200 https://registry.npmjs.org/globals/-/globals-14.0.0.tgz 5412ms (cache miss)
1289 http fetch GET 200 https://registry.npmjs.org/is-symbol/-/is-symbol-1.1.1.tgz 5474ms (cache miss)
1290 http fetch GET 200 https://registry.npmjs.org/fast-json-stable-stringify/-/fast-json-stable-stringify-2.1.0.tgz 5431ms (cache miss)
1291 http fetch GET 200 https://registry.npmjs.org/esutils/-/esutils-2.0.3.tgz 5442ms (cache miss)
1292 http fetch GET 200 https://registry.npmjs.org/is-negative-zero/-/is-negative-zero-2.0.3.tgz 5548ms (cache miss)
1293 http fetch GET 200 https://registry.npmjs.org/json-stable-stringify-without-jsonify/-/json-stable-stringify-without-jsonify-1.0.1.tgz 5586ms (cache miss)
1294 http fetch GET 200 https://registry.npmjs.org/flat-cache/-/flat-cache-4.0.1.tgz 5546ms (cache miss)
1295 http fetch GET 200 https://registry.npmjs.org/magic-string/-/magic-string-0.30.17.tgz 5608ms (cache miss)
1296 http fetch GET 200 https://registry.npmjs.org/fast-levenshtein/-/fast-levenshtein-2.0.6.tgz 5535ms (cache miss)
1297 http fetch GET 200 https://registry.npmjs.org/recharts-scale/-/recharts-scale-0.4.5.tgz 5676ms (cache miss)
1298 http fetch GET 200 https://registry.npmjs.org/esrecurse/-/esrecurse-4.3.0.tgz 5566ms (cache miss)
1299 http fetch GET 200 https://registry.npmjs.org/get-tsconfig/-/get-tsconfig-4.10.1.tgz 5592ms (cache miss)
1300 http fetch GET 200 https://registry.npmjs.org/is-array-buffer/-/is-array-buffer-3.0.5.tgz 5614ms (cache miss)
1301 http fetch GET 200 https://registry.npmjs.org/is-generator-function/-/is-generator-function-1.1.0.tgz 5629ms (cache miss)
1302 http fetch GET 200 https://registry.npmjs.org/form-data/-/form-data-4.0.4.tgz 5674ms (cache miss)
1303 http fetch GET 200 https://registry.npmjs.org/object.assign/-/object.assign-4.1.7.tgz 5758ms (cache miss)
1304 http fetch GET 200 https://registry.npmjs.org/eslint-import-resolver-node/-/eslint-import-resolver-node-0.3.9.tgz 5673ms (cache miss)
1305 http fetch GET 200 https://registry.npmjs.org/get-intrinsic/-/get-intrinsic-1.3.0.tgz 5754ms (cache miss)
1306 http fetch GET 200 https://registry.npmjs.org/eslint-import-resolver-typescript/-/eslint-import-resolver-typescript-3.10.1.tgz 5729ms (cache miss)
1307 http fetch GET 200 https://registry.npmjs.org/minipass/-/minipass-7.1.2.tgz 5823ms (cache miss)
1308 http fetch GET 200 https://registry.npmjs.org/eslint-config-next/-/eslint-config-next-15.4.1.tgz 5764ms (cache miss)
1309 http fetch GET 200 https://registry.npmjs.org/undici-types/-/undici-types-6.21.0.tgz 6017ms (cache miss)
1310 http fetch GET 200 https://registry.npmjs.org/minizlib/-/minizlib-3.0.2.tgz 5976ms (cache miss)
1311 http fetch GET 200 https://registry.npmjs.org/escape-string-regexp/-/escape-string-regexp-4.0.0.tgz 5933ms (cache miss)
1312 http fetch GET 200 https://registry.npmjs.org/es-object-atoms/-/es-object-atoms-1.1.1.tgz 5954ms (cache miss)
1313 http fetch GET 200 https://registry.npmjs.org/es-set-tostringtag/-/es-set-tostringtag-2.1.0.tgz 5956ms (cache miss)
1314 http fetch GET 200 https://registry.npmjs.org/react-remove-scroll-bar/-/react-remove-scroll-bar-2.3.8.tgz 6135ms (cache miss)
1315 http fetch GET 200 https://registry.npmjs.org/napi-postinstall/-/napi-postinstall-0.3.0.tgz 6096ms (cache miss)
1316 http fetch GET 200 https://registry.npmjs.org/lightningcss/-/lightningcss-1.30.1.tgz 6082ms (cache miss)
1317 http fetch GET 200 https://registry.npmjs.org/es-shim-unscopables/-/es-shim-unscopables-1.1.0.tgz 6028ms (cache miss)
1318 http fetch GET 200 https://registry.npmjs.org/function-bind/-/function-bind-1.1.2.tgz 6125ms (cache miss)
1319 http fetch GET 200 https://registry.npmjs.org/nanoid/-/nanoid-3.3.11.tgz 6236ms (cache miss)
1320 http fetch GET 200 https://registry.npmjs.org/es-errors/-/es-errors-1.3.0.tgz 6137ms (cache miss)
1321 http fetch GET 200 https://registry.npmjs.org/es-define-property/-/es-define-property-1.0.1.tgz 6137ms (cache miss)
1322 http fetch GET 200 https://registry.npmjs.org/eventemitter3/-/eventemitter3-4.0.7.tgz 6179ms (cache miss)
1323 http fetch GET 200 https://registry.npmjs.org/dunder-proto/-/dunder-proto-1.0.1.tgz 6157ms (cache miss)
1324 http fetch GET 200 https://registry.npmjs.org/espree/-/espree-10.4.0.tgz 6214ms (cache miss)
1325 http fetch GET 200 https://registry.npmjs.org/minimist/-/minimist-1.2.8.tgz 6293ms (cache miss)
1326 http fetch GET 200 https://registry.npmjs.org/react-style-singleton/-/react-style-singleton-2.2.3.tgz 6342ms (cache miss)
1327 http fetch GET 200 https://registry.npmjs.org/define-data-property/-/define-data-property-1.1.4.tgz 6234ms (cache miss)
1328 http fetch GET 200 https://registry.npmjs.org/detect-libc/-/detect-libc-2.0.4.tgz 6291ms (cache miss)
1329 http fetch GET 200 https://registry.npmjs.org/detect-node-es/-/detect-node-es-1.1.0.tgz 6294ms (cache miss)
1330 http fetch GET 200 https://registry.npmjs.org/define-properties/-/define-properties-1.2.1.tgz 6326ms (cache miss)
1331 http fetch GET 200 https://registry.npmjs.org/delayed-stream/-/delayed-stream-1.0.0.tgz 6378ms (cache miss)
1332 http fetch GET 200 https://registry.npmjs.org/deep-is/-/deep-is-0.1.4.tgz 6377ms (cache miss)
1333 http fetch GET 200 https://registry.npmjs.org/react/-/react-19.1.0.tgz 6557ms (cache miss)
1334 http fetch GET 200 https://registry.npmjs.org/data-view-byte-offset/-/data-view-byte-offset-1.0.1.tgz 6448ms (cache miss)
1335 http fetch GET 200 https://registry.npmjs.org/debug/-/debug-4.4.1.tgz 6495ms (cache miss)
1336 http fetch GET 200 https://registry.npmjs.org/damerau-levenshtein/-/damerau-levenshtein-1.0.8.tgz 6495ms (cache miss)
1337 http fetch GET 200 https://registry.npmjs.org/data-view-buffer/-/data-view-buffer-1.0.2.tgz 6569ms (cache miss)
1338 http fetch GET 200 https://registry.npmjs.org/eslint-plugin-react-hooks/-/eslint-plugin-react-hooks-5.2.0.tgz 6612ms (cache miss)
1339 http fetch GET 200 https://registry.npmjs.org/d3-path/-/d3-path-3.1.0.tgz 6620ms (cache miss)
1340 http fetch GET 200 https://registry.npmjs.org/eslint-visitor-keys/-/eslint-visitor-keys-4.2.1.tgz 6691ms (cache miss)
1341 http fetch GET 200 https://registry.npmjs.org/color-name/-/color-name-1.1.4.tgz 6778ms (cache miss)
1342 http fetch GET 200 https://registry.npmjs.org/fastq/-/fastq-1.19.1.tgz 6907ms (cache miss)
1343 http fetch GET 200 https://registry.npmjs.org/cookie/-/cookie-1.0.2.tgz 6859ms (cache miss)
1344 http fetch GET 200 https://registry.npmjs.org/combined-stream/-/combined-stream-1.0.8.tgz 6859ms (cache miss)
1345 http fetch GET 200 https://registry.npmjs.org/color-string/-/color-string-1.9.1.tgz 6877ms (cache miss)
1346 http fetch GET 200 https://registry.npmjs.org/clsx/-/clsx-2.1.1.tgz 6874ms (cache miss)
1347 http fetch GET 200 https://registry.npmjs.org/color/-/color-4.2.3.tgz 6872ms (cache miss)
1348 http fetch GET 200 https://registry.npmjs.org/color-convert/-/color-convert-2.0.1.tgz 6877ms (cache miss)
1349 http fetch GET 200 https://registry.npmjs.org/class-variance-authority/-/class-variance-authority-0.7.1.tgz 6876ms (cache miss)
1350 http fetch GET 200 https://registry.npmjs.org/concat-map/-/concat-map-0.0.1.tgz 6904ms (cache miss)
1351 http fetch GET 200 https://registry.npmjs.org/chownr/-/chownr-3.0.0.tgz 6909ms (cache miss)
1352 http fetch GET 200 https://registry.npmjs.org/cross-spawn/-/cross-spawn-7.0.6.tgz 6953ms (cache miss)
1353 http fetch GET 200 https://registry.npmjs.org/chalk/-/chalk-4.1.2.tgz 6968ms (cache miss)
1354 http fetch GET 200 https://registry.npmjs.org/brace-expansion/-/brace-expansion-1.1.12.tgz 6964ms (cache miss)
1355 http fetch GET 200 https://registry.npmjs.org/eslint-scope/-/eslint-scope-8.4.0.tgz 7048ms (cache miss)
1356 http fetch GET 200 https://registry.npmjs.org/call-bind/-/call-bind-1.0.8.tgz 6989ms (cache miss)
1357 http fetch GET 200 https://registry.npmjs.org/client-only/-/client-only-0.0.1.tgz 6993ms (cache miss)
1358 http fetch GET 200 https://registry.npmjs.org/callsites/-/callsites-3.1.0.tgz 6992ms (cache miss)
1359 http fetch GET 200 https://registry.npmjs.org/call-bind-apply-helpers/-/call-bind-apply-helpers-1.0.2.tgz 7017ms (cache miss)
1360 http fetch GET 200 https://registry.npmjs.org/d3-format/-/d3-format-3.1.0.tgz 7016ms (cache miss)
1361 http fetch GET 200 https://registry.npmjs.org/call-bound/-/call-bound-1.0.4.tgz 7033ms (cache miss)
1362 http fetch GET 200 https://registry.npmjs.org/d3-timer/-/d3-timer-3.0.1.tgz 7072ms (cache miss)
1363 http fetch GET 200 https://registry.npmjs.org/asynckit/-/asynckit-0.4.0.tgz 7077ms (cache miss)
1364 http fetch GET 200 https://registry.npmjs.org/balanced-match/-/balanced-match-1.0.2.tgz 7094ms (cache miss)
1365 http fetch GET 200 https://registry.npmjs.org/blurhash/-/blurhash-2.0.5.tgz 7095ms (cache miss)
1366 http fetch GET 200 https://registry.npmjs.org/array.prototype.flatmap/-/array.prototype.flatmap-1.3.3.tgz 7121ms (cache miss)
1367 http fetch GET 200 https://registry.npmjs.org/doctrine/-/doctrine-2.1.0.tgz 7195ms (cache miss)
1368 http fetch GET 200 https://registry.npmjs.org/data-view-byte-length/-/data-view-byte-length-1.0.2.tgz 7197ms (cache miss)
1369 http fetch GET 200 https://registry.npmjs.org/available-typed-arrays/-/available-typed-arrays-1.0.7.tgz 7184ms (cache miss)
1370 http fetch GET 200 https://registry.npmjs.org/react-smooth/-/react-smooth-4.0.4.tgz 7390ms (cache miss)
1371 http fetch GET 200 https://registry.npmjs.org/styled-jsx/-/styled-jsx-5.1.6.tgz 7448ms (cache miss)
1372 http fetch GET 200 https://registry.npmjs.org/ast-types-flow/-/ast-types-flow-0.0.8.tgz 7220ms (cache miss)
1373 http fetch GET 200 https://registry.npmjs.org/decimal.js-light/-/decimal.js-light-2.5.1.tgz 7315ms (cache miss)
1374 http fetch GET 200 https://registry.npmjs.org/array-buffer-byte-length/-/array-buffer-byte-length-1.0.2.tgz 7326ms (cache miss)
1375 http fetch GET 200 https://registry.npmjs.org/emoji-regex/-/emoji-regex-9.2.2.tgz 7438ms (cache miss)
1376 http fetch GET 200 https://registry.npmjs.org/object-inspect/-/object-inspect-1.13.4.tgz 7565ms (cache miss)
1377 http fetch GET 200 https://registry.npmjs.org/motion/-/motion-12.23.6.tgz 7624ms (cache miss)
1378 http fetch GET 200 https://registry.npmjs.org/array.prototype.tosorted/-/array.prototype.tosorted-1.1.4.tgz 7487ms (cache miss)
1379 http fetch GET 200 https://registry.npmjs.org/react-transition-group/-/react-transition-group-4.4.5.tgz 7717ms (cache miss)
1380 http fetch GET 200 https://registry.npmjs.org/sharp/-/sharp-0.34.3.tgz 7746ms (cache miss)
1381 http fetch GET 200 https://registry.npmjs.org/motion-utils/-/motion-utils-12.23.6.tgz 7689ms (cache miss)
1382 http fetch GET 200 https://registry.npmjs.org/ansi-styles/-/ansi-styles-4.3.0.tgz 7533ms (cache miss)
1383 http fetch GET 200 https://registry.npmjs.org/tailwind-merge/-/tailwind-merge-3.3.1.tgz 7858ms (cache miss)
1384 http fetch GET 200 https://registry.npmjs.org/async-function/-/async-function-1.0.0.tgz 7629ms (cache miss)
1385 http fetch GET 200 https://registry.npmjs.org/d3-color/-/d3-color-3.1.0.tgz 7663ms (cache miss)
1386 http fetch GET 200 https://registry.npmjs.org/acorn-jsx/-/acorn-jsx-5.3.2.tgz 7660ms (cache miss)
1387 http fetch GET 200 https://registry.npmjs.org/array.prototype.findlastindex/-/array.prototype.findlastindex-1.2.6.tgz 7694ms (cache miss)
1388 http fetch GET 200 https://registry.npmjs.org/graphemer/-/graphemer-1.4.0.tgz 7819ms (cache miss)
1389 http fetch GET 200 https://registry.npmjs.org/array.prototype.flat/-/array.prototype.flat-1.3.3.tgz 7727ms (cache miss)
1390 http fetch GET 200 https://registry.npmjs.org/tailwindcss/-/tailwindcss-4.1.11.tgz 8016ms (cache miss)
1391 http fetch GET 200 https://registry.npmjs.org/braces/-/braces-3.0.3.tgz 7804ms (cache miss)
1392 http fetch GET 200 https://registry.npmjs.org/d3-time/-/d3-time-3.1.0.tgz 7873ms (cache miss)
1393 http fetch GET 200 https://registry.npmjs.org/language-subtag-registry/-/language-subtag-registry-0.3.23.tgz 8016ms (cache miss)
1394 http fetch GET 200 https://registry.npmjs.org/es-to-primitive/-/es-to-primitive-1.3.0.tgz 7992ms (cache miss)
1395 http fetch GET 200 https://registry.npmjs.org/argparse/-/argparse-2.0.1.tgz 7939ms (cache miss)
1396 http fetch GET 200 https://registry.npmjs.org/@typescript-eslint/visitor-keys/-/visitor-keys-8.37.0.tgz 7942ms (cache miss)
1397 http fetch GET 200 https://registry.npmjs.org/use-sidecar/-/use-sidecar-1.1.3.tgz 8250ms (cache miss)
1398 http fetch GET 200 https://registry.npmjs.org/arraybuffer.prototype.slice/-/arraybuffer.prototype.slice-1.0.4.tgz 7983ms (cache miss)
1399 http fetch GET 200 https://registry.npmjs.org/@typescript-eslint/project-service/-/project-service-8.37.0.tgz 7989ms (cache miss)
1400 http fetch GET 200 https://registry.npmjs.org/esquery/-/esquery-1.6.0.tgz 8155ms (cache miss)
1401 http fetch GET 200 https://registry.npmjs.org/@types/json5/-/json5-0.0.29.tgz 8114ms (cache miss)
1402 http fetch GET 200 https://registry.npmjs.org/aria-hidden/-/aria-hidden-1.2.6.tgz 8149ms (cache miss)
1403 http fetch GET 200 https://registry.npmjs.org/@types/json-schema/-/json-schema-7.0.15.tgz 8191ms (cache miss)
1404 http fetch GET 200 https://registry.npmjs.org/@typescript-eslint/tsconfig-utils/-/tsconfig-utils-8.37.0.tgz 8225ms (cache miss)
1405 http fetch GET 200 https://registry.npmjs.org/@types/estree/-/estree-1.0.8.tgz 8283ms (cache miss)
1406 http fetch GET 200 https://registry.npmjs.org/@typescript-eslint/parser/-/parser-8.37.0.tgz 8322ms (cache miss)
1407 http fetch GET 200 https://registry.npmjs.org/@types/d3-time/-/d3-time-3.0.4.tgz 8342ms (cache miss)
1408 http fetch GET 200 https://registry.npmjs.org/@types/d3-timer/-/d3-timer-3.0.2.tgz 8345ms (cache miss)
1409 http fetch GET 200 https://registry.npmjs.org/@types/d3-color/-/d3-color-3.1.3.tgz 8403ms (cache miss)
1410 http fetch GET 200 https://registry.npmjs.org/js-yaml/-/js-yaml-4.1.0.tgz 8607ms (cache miss)
1411 http fetch GET 200 https://registry.npmjs.org/@types/d3-path/-/d3-path-3.1.1.tgz 8459ms (cache miss)
1412 http fetch GET 200 https://registry.npmjs.org/uri-js/-/uri-js-4.4.1.tgz 8795ms (cache miss)
1413 http fetch GET 200 https://registry.npmjs.org/@types/d3-ease/-/d3-ease-3.0.2.tgz 8507ms (cache miss)
1414 http fetch GET 200 https://registry.npmjs.org/@types/react-dom/-/react-dom-19.1.6.tgz 8519ms (cache miss)
1415 http fetch GET 200 https://registry.npmjs.org/array-includes/-/array-includes-3.1.9.tgz 8542ms (cache miss)
1416 http fetch GET 200 https://registry.npmjs.org/eslint-module-utils/-/eslint-module-utils-2.12.1.tgz 8631ms (cache miss)
1417 http fetch GET 200 https://registry.npmjs.org/d3-ease/-/d3-ease-3.0.1.tgz 8593ms (cache miss)
1418 http fetch GET 200 https://registry.npmjs.org/array.prototype.findlast/-/array.prototype.findlast-1.2.5.tgz 8557ms (cache miss)
1419 http fetch GET 200 https://registry.npmjs.org/@types/d3-shape/-/d3-shape-3.1.7.tgz 8551ms (cache miss)
1420 http fetch GET 200 https://registry.npmjs.org/semver/-/semver-7.7.2.tgz 8803ms (cache miss)
1421 http fetch GET 200 https://registry.npmjs.org/@types/d3-interpolate/-/d3-interpolate-3.0.4.tgz 8566ms (cache miss)
1422 http fetch GET 200 https://registry.npmjs.org/use-callback-ref/-/use-callback-ref-1.3.3.tgz 8891ms (cache miss)
1423 http fetch GET 200 https://registry.npmjs.org/@types/d3-array/-/d3-array-3.2.1.tgz 8616ms (cache miss)
1424 http fetch GET 200 https://registry.npmjs.org/csstype/-/csstype-3.1.3.tgz 8683ms (cache miss)
1425 http fetch GET 200 https://registry.npmjs.org/@types/d3-scale/-/d3-scale-4.0.9.tgz 8750ms (cache miss)
1426 http fetch GET 200 https://registry.npmjs.org/postcss/-/postcss-8.5.6.tgz 9066ms (cache miss)
1427 http fetch GET 200 https://registry.npmjs.org/jiti/-/jiti-2.4.2.tgz 9048ms (cache miss)
1428 http fetch GET 200 https://registry.npmjs.org/@rtsao/scc/-/scc-1.1.0.tgz 8877ms (cache miss)
1429 http fetch GET 200 https://registry.npmjs.org/@standard-schema/utils/-/utils-0.3.0.tgz 8879ms (cache miss)
1430 http fetch GET 200 https://registry.npmjs.org/@splinetool/react-spline/-/react-spline-4.1.0.tgz 8984ms (cache miss)
1431 http fetch GET 200 https://registry.npmjs.org/@tailwindcss/postcss/-/postcss-4.1.11.tgz 9040ms (cache miss)
1432 http fetch GET 200 https://registry.npmjs.org/@tailwindcss/oxide/-/oxide-4.1.11.tgz 9033ms (cache miss)
1433 http fetch GET 200 https://registry.npmjs.org/@radix-ui/react-visually-hidden/-/react-visually-hidden-1.2.3.tgz 9028ms (cache miss)
1434 http fetch GET 200 https://registry.npmjs.org/@radix-ui/react-use-size/-/react-use-size-1.1.1.tgz 9031ms (cache miss)
1435 http fetch GET 200 https://registry.npmjs.org/acorn/-/acorn-8.15.0.tgz 9081ms (cache miss)
1436 http fetch GET 200 https://registry.npmjs.org/d3-interpolate/-/d3-interpolate-3.0.1.tgz 9157ms (cache miss)
1437 http fetch GET 200 https://registry.npmjs.org/@radix-ui/rect/-/rect-1.1.1.tgz 9079ms (cache miss)
1438 http fetch GET 200 https://registry.npmjs.org/@radix-ui/react-use-rect/-/react-use-rect-1.1.1.tgz 9130ms (cache miss)
1439 http fetch GET 200 https://registry.npmjs.org/@radix-ui/react-use-layout-effect/-/react-use-layout-effect-1.1.1.tgz 9166ms (cache miss)
1440 http fetch GET 200 https://registry.npmjs.org/@radix-ui/react-use-previous/-/react-use-previous-1.1.1.tgz 9165ms (cache miss)
1441 http fetch GET 200 https://registry.npmjs.org/d3-scale/-/d3-scale-4.0.2.tgz 9267ms (cache miss)
1442 http fetch GET 200 https://registry.npmjs.org/@radix-ui/react-use-is-hydrated/-/react-use-is-hydrated-0.1.0.tgz 9190ms (cache miss)
1443 http fetch GET 200 https://registry.npmjs.org/@radix-ui/react-use-escape-keydown/-/react-use-escape-keydown-1.1.1.tgz 9191ms (cache miss)
1444 http fetch GET 200 https://registry.npmjs.org/@radix-ui/react-use-effect-event/-/react-use-effect-event-0.0.2.tgz 9221ms (cache miss)
1445 http fetch GET 200 https://registry.npmjs.org/@radix-ui/react-use-callback-ref/-/react-use-callback-ref-1.1.1.tgz 9227ms (cache miss)
1446 http fetch GET 200 https://registry.npmjs.org/@radix-ui/react-use-controllable-state/-/react-use-controllable-state-1.2.2.tgz 9233ms (cache miss)
1447 http fetch GET 200 https://registry.npmjs.org/@radix-ui/react-toggle-group/-/react-toggle-group-1.1.10.tgz 9256ms (cache miss)
1448 http fetch GET 200 https://registry.npmjs.org/@radix-ui/react-toggle/-/react-toggle-1.1.9.tgz 9286ms (cache miss)
1449 http fetch GET 200 https://registry.npmjs.org/@radix-ui/react-tabs/-/react-tabs-1.1.12.tgz 9325ms (cache miss)
1450 http fetch GET 200 https://registry.npmjs.org/@radix-ui/react-switch/-/react-switch-1.2.5.tgz 9344ms (cache miss)
1451 http fetch GET 200 https://registry.npmjs.org/@radix-ui/react-separator/-/react-separator-1.1.7.tgz 9415ms (cache miss)
1452 http fetch GET 200 https://registry.npmjs.org/@typescript-eslint/types/-/types-8.37.0.tgz 9510ms (cache miss)
1453 http fetch GET 200 https://registry.npmjs.org/@radix-ui/react-presence/-/react-presence-1.1.4.tgz 9479ms (cache miss)
1454 http fetch GET 200 https://registry.npmjs.org/@radix-ui/react-roving-focus/-/react-roving-focus-1.1.10.tgz 9489ms (cache miss)
1455 http fetch GET 200 https://registry.npmjs.org/@radix-ui/react-primitive/-/react-primitive-2.1.3.tgz 9493ms (cache miss)
1456 http fetch GET 200 https://registry.npmjs.org/@radix-ui/react-label/-/react-label-2.1.7.tgz 9595ms (cache miss)
1457 http fetch GET 200 https://registry.npmjs.org/@radix-ui/react-portal/-/react-portal-1.1.9.tgz 9598ms (cache miss)
1458 http fetch GET 200 https://registry.npmjs.org/@radix-ui/react-focus-scope/-/react-focus-scope-1.1.7.tgz 9597ms (cache miss)
1459 http fetch GET 200 https://registry.npmjs.org/@radix-ui/react-popper/-/react-popper-1.2.7.tgz 9641ms (cache miss)
1460 http fetch GET 200 https://registry.npmjs.org/@radix-ui/react-focus-guards/-/react-focus-guards-1.1.2.tgz 9679ms (cache miss)
1461 http fetch GET 200 https://registry.npmjs.org/@radix-ui/react-direction/-/react-direction-1.1.1.tgz 9711ms (cache miss)
1462 http fetch GET 200 https://registry.npmjs.org/@radix-ui/react-context/-/react-context-1.1.2.tgz 9752ms (cache miss)
1463 http fetch GET 200 https://registry.npmjs.org/react-remove-scroll/-/react-remove-scroll-2.7.1.tgz 10038ms (cache miss)
1464 http fetch GET 200 https://registry.npmjs.org/@radix-ui/react-checkbox/-/react-checkbox-1.3.2.tgz 9765ms (cache miss)
1465 http fetch GET 200 https://registry.npmjs.org/@radix-ui/react-arrow/-/react-arrow-1.1.7.tgz 9766ms (cache miss)
1466 http fetch GET 200 https://registry.npmjs.org/@radix-ui/react-slot/-/react-slot-1.2.3.tgz 9788ms (cache miss)
1467 http fetch GET 200 https://registry.npmjs.org/@nodelib/fs.walk/-/fs.walk-1.2.8.tgz 9778ms (cache miss)
1468 http fetch GET 200 https://registry.npmjs.org/@tailwindcss/node/-/node-4.1.11.tgz 9843ms (cache miss)
1469 http fetch GET 200 https://registry.npmjs.org/@nolyfill/is-core-module/-/is-core-module-1.0.39.tgz 9836ms (cache miss)
1470 http fetch GET 200 https://registry.npmjs.org/@nodelib/fs.stat/-/fs.stat-2.0.5.tgz 9896ms (cache miss)
1471 http fetch GET 200 https://registry.npmjs.org/@radix-ui/number/-/number-1.1.1.tgz 9898ms (cache miss)
1472 http fetch GET 200 https://registry.npmjs.org/@nodelib/fs.scandir/-/fs.scandir-2.1.5.tgz 9921ms (cache miss)
1473 http fetch GET 200 https://registry.npmjs.org/@radix-ui/react-id/-/react-id-1.1.1.tgz 9934ms (cache miss)
1474 http fetch GET 200 https://registry.npmjs.org/@radix-ui/react-compose-refs/-/react-compose-refs-1.1.2.tgz 9953ms (cache miss)
1475 http fetch GET 200 https://registry.npmjs.org/@radix-ui/react-dialog/-/react-dialog-1.1.14.tgz 9990ms (cache miss)
1476 http fetch GET 200 https://registry.npmjs.org/mkdirp/-/mkdirp-3.0.1.tgz 10268ms (cache miss)
1477 http fetch GET 200 https://registry.npmjs.org/@radix-ui/react-tooltip/-/react-tooltip-1.2.7.tgz 10067ms (cache miss)
1478 http fetch GET 200 https://registry.npmjs.org/@radix-ui/primitive/-/primitive-1.1.2.tgz 10064ms (cache miss)
1479 http fetch GET 200 https://registry.npmjs.org/@isaacs/fs-minipass/-/fs-minipass-4.0.1.tgz 10068ms (cache miss)
1480 http fetch GET 200 https://registry.npmjs.org/@radix-ui/react-slider/-/react-slider-1.3.5.tgz 10113ms (cache miss)
1481 http fetch GET 200 https://registry.npmjs.org/@radix-ui/react-avatar/-/react-avatar-1.1.10.tgz 10102ms (cache miss)
1482 http fetch GET 200 https://registry.npmjs.org/@radix-ui/react-scroll-area/-/react-scroll-area-1.2.9.tgz 10185ms (cache miss)
1483 http fetch GET 200 https://registry.npmjs.org/d3-time-format/-/d3-time-format-4.1.0.tgz 10308ms (cache miss)
1484 http fetch GET 200 https://registry.npmjs.org/@humanwhocodes/module-importer/-/module-importer-1.0.1.tgz 10179ms (cache miss)
1485 http fetch GET 200 https://registry.npmjs.org/@radix-ui/react-dropdown-menu/-/react-dropdown-menu-2.1.15.tgz 10258ms (cache miss)
1486 http fetch GET 200 https://registry.npmjs.org/@humanfs/core/-/core-0.19.1.tgz 10310ms (cache miss)
1487 http fetch GET 200 https://registry.npmjs.org/@next/env/-/env-15.4.1.tgz 10332ms (cache miss)
1488 http fetch GET 200 https://registry.npmjs.org/@radix-ui/react-collection/-/react-collection-1.1.7.tgz 10402ms (cache miss)
1489 http fetch GET 200 https://registry.npmjs.org/enhanced-resolve/-/enhanced-resolve-5.18.2.tgz 10586ms (cache miss)
1490 http fetch GET 200 https://registry.npmjs.org/@radix-ui/react-select/-/react-select-2.2.5.tgz 10469ms (cache miss)
1491 http fetch GET 200 https://registry.npmjs.org/tsconfig-paths/-/tsconfig-paths-3.15.0.tgz 10804ms (cache miss)
1492 http fetch GET 200 https://registry.npmjs.org/@radix-ui/react-menu/-/react-menu-2.1.15.tgz 10490ms (cache miss)
1493 http fetch GET 200 https://registry.npmjs.org/@humanfs/node/-/node-0.16.6.tgz 10474ms (cache miss)
1494 http fetch GET 200 https://registry.npmjs.org/@tanstack/react-table/-/react-table-8.21.3.tgz 10539ms (cache miss)
1495 http fetch GET 200 https://registry.npmjs.org/fast-glob/-/fast-glob-3.3.1.tgz 10664ms (cache miss)
1496 http fetch GET 200 https://registry.npmjs.org/@eslint/object-schema/-/object-schema-2.1.6.tgz 10490ms (cache miss)
1497 http fetch GET 200 https://registry.npmjs.org/@radix-ui/react-dismissable-layer/-/react-dismissable-layer-1.1.10.tgz 10515ms (cache miss)
1498 http fetch GET 200 https://registry.npmjs.org/@humanwhocodes/retry/-/retry-0.4.3.tgz 10565ms (cache miss)
1499 http fetch GET 200 https://registry.npmjs.org/@jridgewell/resolve-uri/-/resolve-uri-3.1.2.tgz 10568ms (cache miss)
1500 http fetch GET 200 https://registry.npmjs.org/@floating-ui/react-dom/-/react-dom-2.1.4.tgz 10660ms (cache miss)
1501 http fetch GET 200 https://registry.npmjs.org/@types/react/-/react-19.1.9.tgz 10871ms (cache miss)
1502 http fetch GET 200 https://registry.npmjs.org/@eslint/js/-/js-9.31.0.tgz 10869ms (cache miss)
1503 http fetch GET 200 https://registry.npmjs.org/@eslint/config-helpers/-/config-helpers-0.3.0.tgz 10880ms (cache miss)
1504 http fetch GET 200 https://registry.npmjs.org/@alloc/quick-lru/-/quick-lru-5.2.0.tgz 10944ms (cache miss)
1505 http fetch GET 200 https://registry.npmjs.org/@eslint/core/-/core-0.15.1.tgz 10996ms (cache miss)
1506 http fetch GET 200 https://registry.npmjs.org/@eslint/plugin-kit/-/plugin-kit-0.3.3.tgz 11130ms (cache miss)
1507 http fetch GET 200 https://registry.npmjs.org/@eslint-community/regexpp/-/regexpp-4.12.1.tgz 11238ms (cache miss)
1508 http fetch GET 200 https://registry.npmjs.org/@floating-ui/utils/-/utils-0.2.10.tgz 11268ms (cache miss)
1509 http fetch GET 200 https://registry.npmjs.org/react-is/-/react-is-18.3.1.tgz 11330ms (cache miss)
1510 http fetch GET 200 https://registry.npmjs.org/glob-parent/-/glob-parent-5.1.2.tgz 11330ms (cache miss)
1511 http fetch GET 200 https://registry.npmjs.org/fast-equals/-/fast-equals-5.2.2.tgz 11619ms (cache miss)
1512 http fetch GET 200 https://registry.npmjs.org/glob-parent/-/glob-parent-5.1.2.tgz 11521ms (cache miss)
1513 http fetch GET 200 https://registry.npmjs.org/@floating-ui/dom/-/dom-1.7.2.tgz 11545ms (cache miss)
1514 http fetch GET 200 https://registry.npmjs.org/brace-expansion/-/brace-expansion-2.0.2.tgz 11621ms (cache miss)
1515 http fetch GET 200 https://registry.npmjs.org/@humanwhocodes/retry/-/retry-0.3.1.tgz 11568ms (cache miss)
1516 http fetch GET 200 https://registry.npmjs.org/@eslint-community/eslint-utils/-/eslint-utils-4.7.0.tgz 11658ms (cache miss)
1517 http fetch GET 200 https://registry.npmjs.org/@eslint%2fplugin-kit 11150ms (cache miss)
1518 silly packumentCache corgi:https://registry.npmjs.org/@eslint%2fplugin-kit set size:undefined disposed:false
1519 http fetch GET 200 https://registry.npmjs.org/brace-expansion 11164ms (cache miss)
1520 silly packumentCache corgi:https://registry.npmjs.org/brace-expansion set size:undefined disposed:false
1521 http fetch GET 200 https://registry.npmjs.org/eslint-visitor-keys/-/eslint-visitor-keys-3.4.3.tgz 11647ms (cache miss)
1522 http fetch GET 200 https://registry.npmjs.org/semver/-/semver-6.3.1.tgz 11732ms (cache miss)
1523 http fetch GET 200 https://registry.npmjs.org/@dnd-kit/modifiers/-/modifiers-9.0.0.tgz 11763ms (cache miss)
1524 http fetch GET 200 https://registry.npmjs.org/semver/-/semver-6.3.1.tgz 11783ms (cache miss)
1525 http fetch GET 200 https://registry.npmjs.org/@floating-ui/core/-/core-1.7.2.tgz 11799ms (cache miss)
1526 http fetch GET 200 https://registry.npmjs.org/flatted 11286ms (cache miss)
1527 silly packumentCache corgi:https://registry.npmjs.org/flatted set size:undefined disposed:false
1528 http fetch GET 200 https://registry.npmjs.org/ignore/-/ignore-7.0.5.tgz 11846ms (cache miss)
1529 http fetch GET 200 https://registry.npmjs.org/picomatch/-/picomatch-4.0.3.tgz 11864ms (cache miss)
1530 http fetch GET 200 https://registry.npmjs.org/js-yaml 11327ms (cache miss)
1531 silly packumentCache corgi:https://registry.npmjs.org/js-yaml set size:undefined disposed:false
1532 http fetch GET 200 https://registry.npmjs.org/picomatch 11333ms (cache miss)
1533 silly packumentCache corgi:https://registry.npmjs.org/picomatch set size:undefined disposed:false
1534 http fetch GET 200 https://registry.npmjs.org/follow-redirects 11375ms (cache miss)
1535 silly packumentCache corgi:https://registry.npmjs.org/follow-redirects set size:undefined disposed:false
1536 http fetch GET 200 https://registry.npmjs.org/@ampproject/remapping/-/remapping-2.3.0.tgz 11956ms (cache miss)
1537 http fetch GET 200 https://registry.npmjs.org/lodash 11423ms (cache miss)
1538 silly packumentCache corgi:https://registry.npmjs.org/lodash set size:undefined disposed:false
1539 http fetch GET 200 https://registry.npmjs.org/minimatch 11558ms (cache miss)
1540 silly packumentCache corgi:https://registry.npmjs.org/minimatch set size:undefined disposed:false
1541 http fetch GET 200 https://registry.npmjs.org/debug/-/debug-3.2.7.tgz 12193ms (cache miss)
1542 http fetch GET 200 https://registry.npmjs.org/debug/-/debug-3.2.7.tgz 12215ms (cache miss)
1543 http fetch GET 200 https://registry.npmjs.org/debug/-/debug-3.2.7.tgz 12221ms (cache miss)
1544 http fetch GET 200 https://registry.npmjs.org/d3-shape/-/d3-shape-3.2.0.tgz 12437ms (cache miss)
1545 http fetch GET 200 https://registry.npmjs.org/tar 11763ms (cache miss)
1546 silly packumentCache corgi:https://registry.npmjs.org/tar set size:undefined disposed:false
1547 http fetch GET 200 https://registry.npmjs.org/@jridgewell/sourcemap-codec/-/sourcemap-codec-1.5.4.tgz 12409ms (cache miss)
1548 http fetch GET 200 https://registry.npmjs.org/d3-array/-/d3-array-3.2.4.tgz 12538ms (cache miss)
1549 http fetch GET 200 https://registry.npmjs.org/axios 11851ms (cache miss)
1550 silly packumentCache corgi:https://registry.npmjs.org/axios set size:undefined disposed:false
1551 http fetch GET 200 https://registry.npmjs.org/@jridgewell/gen-mapping/-/gen-mapping-0.3.12.tgz 12580ms (cache miss)
1552 http fetch GET 200 https://registry.npmjs.org/postcss 12151ms (cache miss)
1553 silly packumentCache corgi:https://registry.npmjs.org/postcss set size:undefined disposed:false
1554 http fetch GET 200 https://registry.npmjs.org/ajv 12193ms (cache miss)
1555 silly packumentCache corgi:https://registry.npmjs.org/ajv set size:undefined disposed:false
1556 http fetch GET 200 https://registry.npmjs.org/@emnapi/wasi-threads/-/wasi-threads-1.0.3.tgz 12802ms (cache miss)
1557 http fetch GET 200 https://registry.npmjs.org/@eslint/config-array/-/config-array-0.21.0.tgz 12986ms (cache miss)
1558 http fetch GET 200 https://registry.npmjs.org/@tybys/wasm-util/-/wasm-util-0.10.0.tgz 13073ms (cache miss)
1559 http fetch GET 200 https://registry.npmjs.org/@dnd-kit/accessibility/-/accessibility-3.1.1.tgz 13096ms (cache miss)
1560 http fetch GET 200 https://registry.npmjs.org/@unrs/resolver-binding-win32-x64-msvc/-/resolver-binding-win32-x64-msvc-1.11.1.tgz 13218ms (cache miss)
1561 http fetch GET 200 https://registry.npmjs.org/axe-core/-/axe-core-4.10.3.tgz 13262ms (cache miss)
1562 http fetch GET 200 https://registry.npmjs.org/@typescript-eslint/type-utils/-/type-utils-8.37.0.tgz 13355ms (cache miss)
1563 http fetch GET 200 https://registry.npmjs.org/@tailwindcss/oxide-win32-x64-msvc/-/oxide-win32-x64-msvc-4.1.11.tgz 13349ms (cache miss)
1564 http fetch GET 200 https://registry.npmjs.org/@emnapi/runtime/-/runtime-1.4.4.tgz 13346ms (cache miss)
1565 http fetch GET 200 https://registry.npmjs.org/react-router 12847ms (cache miss)
1566 silly packumentCache corgi:https://registry.npmjs.org/react-router set size:undefined disposed:false
1567 http fetch GET 200 https://registry.npmjs.org/jsx-ast-utils/-/jsx-ast-utils-3.3.5.tgz 14237ms (cache miss)
1568 http fetch GET 200 https://registry.npmjs.org/@eslint/eslintrc/-/eslintrc-3.3.1.tgz 14012ms (cache miss)
1569 http fetch GET 200 https://registry.npmjs.org/resolve/-/resolve-1.22.10.tgz 14364ms (cache miss)
1570 http fetch GET 200 https://registry.npmjs.org/@jridgewell/trace-mapping/-/trace-mapping-0.3.29.tgz 14245ms (cache miss)
1571 http fetch GET 200 https://registry.npmjs.org/react-router/-/react-router-7.7.0.tgz 14610ms (cache miss)
1572 http fetch GET 200 https://registry.npmjs.org/@next/eslint-plugin-next/-/eslint-plugin-next-15.4.1.tgz 14368ms (cache miss)
1573 http fetch GET 200 https://registry.npmjs.org/@emnapi/core/-/core-1.4.4.tgz 14378ms (cache miss)
1574 http fetch GET 200 https://registry.npmjs.org/fdir/-/fdir-6.4.6.tgz 14431ms (cache miss)
1575 http fetch GET 200 https://registry.npmjs.org/@dnd-kit/utilities/-/utilities-3.2.2.tgz 14448ms (cache miss)
1576 http fetch GET 200 https://registry.npmjs.org/@dnd-kit/sortable/-/sortable-10.0.0.tgz 14472ms (cache miss)
1577 http fetch GET 200 https://registry.npmjs.org/postcss/-/postcss-8.4.31.tgz 14858ms (cache miss)
1578 http fetch GET 200 https://registry.npmjs.org/fast-glob/-/fast-glob-3.3.3.tgz 14944ms (cache miss)
1579 http fetch GET 200 https://registry.npmjs.org/ajv/-/ajv-6.12.6.tgz 15068ms (cache miss)
1580 http fetch GET 200 https://registry.npmjs.org/minimatch/-/minimatch-9.0.5.tgz 14980ms (cache miss)
1581 http fetch GET 200 https://registry.npmjs.org/@rushstack/eslint-patch/-/eslint-patch-1.12.0.tgz 15070ms (cache miss)
1582 http fetch GET 200 https://registry.npmjs.org/react-dom/-/react-dom-19.1.0.tgz 15346ms (cache miss)
1583 http fetch GET 200 https://registry.npmjs.org/@types/node/-/node-20.19.9.tgz 15170ms (cache miss)
1584 http fetch GET 200 https://registry.npmjs.org/lightningcss-win32-x64-msvc/-/lightningcss-win32-x64-msvc-1.30.1.tgz 15594ms (cache miss)
1585 http fetch GET 200 https://registry.npmjs.org/es-iterator-helpers/-/es-iterator-helpers-1.2.1.tgz 15651ms (cache miss)
1586 http fetch GET 200 https://registry.npmjs.org/axios/-/axios-1.10.0.tgz 15658ms (cache miss)
1587 http fetch GET 200 https://registry.npmjs.org/@typescript-eslint/utils/-/utils-8.37.0.tgz 15703ms (cache miss)
1588 http fetch GET 200 https://registry.npmjs.org/axobject-query/-/axobject-query-4.1.0.tgz 15813ms (cache miss)
1589 http fetch GET 200 https://registry.npmjs.org/@typescript-eslint/typescript-estree/-/typescript-estree-8.37.0.tgz 15823ms (cache miss)
1590 http fetch GET 200 https://registry.npmjs.org/eslint-plugin-import/-/eslint-plugin-import-2.32.0.tgz 15970ms (cache miss)
1591 http fetch GET 200 https://registry.npmjs.org/@splinetool/runtime/-/runtime-1.12.70.tgz 16131ms (cache miss)
1592 http fetch GET 200 https://registry.npmjs.org/@napi-rs/wasm-runtime/-/wasm-runtime-0.2.12.tgz 16125ms (cache miss)
1593 http fetch GET 200 https://registry.npmjs.org/aria-query/-/aria-query-5.3.2.tgz 16358ms (cache miss)
1594 http fetch GET 200 https://registry.npmjs.org/motion-dom/-/motion-dom-12.23.6.tgz 16623ms (cache miss)
1595 http fetch GET 200 https://registry.npmjs.org/resolve/-/resolve-2.0.0-next.5.tgz 16353ms (cache miss)
1596 http fetch GET 200 https://registry.npmjs.org/tar/-/tar-7.4.3.tgz 17510ms (cache miss)
1597 http fetch GET 200 https://registry.npmjs.org/react-hook-form/-/react-hook-form-7.60.0.tgz 17508ms (cache miss)
1598 http fetch GET 200 https://registry.npmjs.org/@dnd-kit/core/-/core-6.3.1.tgz 17350ms (cache miss)
1599 http fetch GET 200 https://registry.npmjs.org/@tanstack/table-core/-/table-core-8.21.3.tgz 17447ms (cache miss)
1600 http fetch GET 200 https://registry.npmjs.org/eslint-plugin-jsx-a11y/-/eslint-plugin-jsx-a11y-6.10.2.tgz 17554ms (cache miss)
1601 http fetch GET 200 https://registry.npmjs.org/victory-vendor/-/victory-vendor-36.9.2.tgz 19509ms (cache miss)
1602 http fetch GET 200 https://registry.npmjs.org/dom-helpers/-/dom-helpers-5.2.1.tgz 19421ms (cache miss)
1603 http fetch GET 200 https://registry.npmjs.org/@babel/runtime/-/runtime-7.27.6.tgz 19572ms (cache miss)
1604 http fetch GET 200 https://registry.npmjs.org/framer-motion/-/framer-motion-12.23.6.tgz 20352ms (cache miss)
1605 http fetch GET 200 https://registry.npmjs.org/@tanstack/query-core/-/query-core-5.83.0.tgz 20480ms (cache miss)
1606 http fetch GET 200 https://registry.npmjs.org/recharts/-/recharts-2.15.4.tgz 20847ms (cache miss)
1607 http fetch GET 200 https://registry.npmjs.org/@tanstack/react-query/-/react-query-5.83.0.tgz 21045ms (cache miss)
1608 http fetch GET 200 https://registry.npmjs.org/@img/sharp-win32-x64/-/sharp-win32-x64-0.34.3.tgz 21037ms (cache miss)
1609 http fetch GET 200 https://registry.npmjs.org/eslint-plugin-react/-/eslint-plugin-react-7.37.5.tgz 21460ms (cache miss)
1610 http fetch GET 200 https://registry.npmjs.org/next 21269ms (cache miss)
1611 silly packumentCache corgi:https://registry.npmjs.org/next set size:undefined disposed:false
1612 silly packumentCache corgi:https://registry.npmjs.org/eslint cache-miss
1613 http fetch GET 200 https://registry.npmjs.org/eslint/-/eslint-9.31.0.tgz 26036ms (cache miss)
1614 http fetch GET 200 https://registry.npmjs.org/typescript/-/typescript-5.9.2.tgz 26292ms (cache miss)
1615 http fetch GET 200 https://registry.npmjs.org/eslint 278ms (cache miss)
1616 silly packumentCache corgi:https://registry.npmjs.org/eslint set size:undefined disposed:false
1617 silly packumentCache corgi:https://registry.npmjs.org/@eslint%2fconfig-array cache-miss
1618 silly packumentCache corgi:https://registry.npmjs.org/@eslint%2feslintrc cache-miss
1619 silly packumentCache corgi:https://registry.npmjs.org/eslint-plugin-import cache-miss
1620 silly packumentCache corgi:https://registry.npmjs.org/eslint-plugin-jsx-a11y cache-miss
1621 silly packumentCache corgi:https://registry.npmjs.org/eslint-plugin-react cache-miss
1622 http fetch GET 200 https://registry.npmjs.org/@eslint%2fconfig-array 186ms (cache miss)
1623 silly packumentCache corgi:https://registry.npmjs.org/@eslint%2fconfig-array set size:undefined disposed:false
1624 http fetch GET 200 https://registry.npmjs.org/eslint-plugin-jsx-a11y 196ms (cache miss)
1625 silly packumentCache corgi:https://registry.npmjs.org/eslint-plugin-jsx-a11y set size:undefined disposed:false
1626 http fetch GET 200 https://registry.npmjs.org/@eslint%2feslintrc 217ms (cache miss)
1627 silly packumentCache corgi:https://registry.npmjs.org/@eslint%2feslintrc set size:undefined disposed:false
1628 http fetch GET 200 https://registry.npmjs.org/eslint-plugin-import 229ms (cache miss)
1629 silly packumentCache corgi:https://registry.npmjs.org/eslint-plugin-import set size:undefined disposed:false
1630 http fetch GET 200 https://registry.npmjs.org/eslint-plugin-react 254ms (cache miss)
1631 silly packumentCache corgi:https://registry.npmjs.org/eslint-plugin-react set size:undefined disposed:false
1632 http fetch GET 200 https://registry.npmjs.org/@typescript-eslint/scope-manager/-/scope-manager-8.37.0.tgz 26430ms (cache miss)
1633 silly packumentCache corgi:https://registry.npmjs.org/@typescript-eslint%2ftypescript-estree cache-miss
1634 http fetch GET 200 https://registry.npmjs.org/@swc/helpers/-/helpers-0.5.15.tgz 26454ms (cache miss)
1635 http fetch GET 200 https://registry.npmjs.org/@hookform/resolvers/-/resolvers-5.1.1.tgz 26504ms (cache miss)
1636 http fetch GET 200 https://registry.npmjs.org/zod/-/zod-4.0.5.tgz 27720ms (cache miss)
1637 http fetch GET 200 https://registry.npmjs.org/@typescript-eslint/eslint-plugin/-/eslint-plugin-8.37.0.tgz 27856ms (cache miss)
1638 http fetch GET 200 https://registry.npmjs.org/@typescript-eslint%2ftypescript-estree 1565ms (cache miss)
1639 silly packumentCache corgi:https://registry.npmjs.org/@typescript-eslint%2ftypescript-estree set size:undefined disposed:false
1640 silly packumentCache corgi:https://registry.npmjs.org/flat-cache cache-miss
1641 http fetch GET 200 https://registry.npmjs.org/flat-cache 347ms (cache miss)
1642 silly packumentCache corgi:https://registry.npmjs.org/flat-cache set size:undefined disposed:false
1643 silly packumentCache corgi:https://registry.npmjs.org/recharts cache-miss
1644 http fetch GET 200 https://registry.npmjs.org/caniuse-lite/-/caniuse-lite-1.0.30001727.tgz 29162ms (cache miss)
1645 http fetch GET 200 https://registry.npmjs.org/recharts 369ms (cache miss)
1646 silly packumentCache corgi:https://registry.npmjs.org/recharts set size:undefined disposed:false
1647 silly packumentCache corgi:https://registry.npmjs.org/@splinetool%2freact-spline cache-miss
1648 http fetch GET 200 https://registry.npmjs.org/lodash/-/lodash-4.17.21.tgz 30134ms (cache miss)
1649 http fetch GET 200 https://registry.npmjs.org/@splinetool%2freact-spline 893ms (cache miss)
1650 silly packumentCache corgi:https://registry.npmjs.org/@splinetool%2freact-spline set size:undefined disposed:false
1651 silly packumentCache corgi:https://registry.npmjs.org/@tailwindcss%2fpostcss cache-miss
1652 http fetch GET 200 https://registry.npmjs.org/@tailwindcss%2fpostcss 1696ms (cache miss)
1653 silly packumentCache corgi:https://registry.npmjs.org/@tailwindcss%2fpostcss set size:undefined disposed:false
1654 silly packumentCache corgi:https://registry.npmjs.org/micromatch cache-miss
1655 http fetch GET 200 https://registry.npmjs.org/react-icons/-/react-icons-5.5.0.tgz 32327ms (cache miss)
1656 http fetch GET 200 https://registry.npmjs.org/micromatch 128ms (cache miss)
1657 silly packumentCache corgi:https://registry.npmjs.org/micromatch set size:undefined disposed:false
1658 silly packumentCache corgi:https://registry.npmjs.org/tinyglobby cache-miss
1659 silly packumentCache corgi:https://registry.npmjs.org/fdir cache-miss
1660 http fetch GET 200 https://registry.npmjs.org/tinyglobby 92ms (cache miss)
1661 silly packumentCache corgi:https://registry.npmjs.org/tinyglobby set size:undefined disposed:false
1662 http fetch GET 200 https://registry.npmjs.org/fdir 341ms (cache miss)
1663 silly packumentCache corgi:https://registry.npmjs.org/fdir set size:undefined disposed:false
1664 silly packumentCache corgi:https://registry.npmjs.org/react-router-dom cache-miss
1665 http fetch GET 200 https://registry.npmjs.org/react-router-dom 195ms (cache miss)
1666 silly packumentCache corgi:https://registry.npmjs.org/react-router-dom set size:undefined disposed:false
1667 silly packumentCache corgi:https://registry.npmjs.org/@tailwindcss%2foxide cache-miss
1668 http fetch GET 200 https://registry.npmjs.org/@next/swc-win32-x64-msvc/-/swc-win32-x64-msvc-15.4.1.tgz 34787ms (cache miss)
1669 http fetch GET 200 https://registry.npmjs.org/@tailwindcss%2foxide 2251ms (cache miss)
1670 silly packumentCache corgi:https://registry.npmjs.org/@tailwindcss%2foxide set size:undefined disposed:false
1671 http fetch GET 200 https://registry.npmjs.org/es-abstract/-/es-abstract-1.24.0.tgz 36299ms (cache miss)
1672 http fetch GET 200 https://registry.npmjs.org/lucide-react/-/lucide-react-0.525.0.tgz 40655ms (cache miss)
1673 http fetch GET 200 https://registry.npmjs.org/date-fns/-/date-fns-4.1.0.tgz 45602ms (cache miss)
1674 http fetch GET 200 https://registry.npmjs.org/@tabler/icons/-/icons-3.34.0.tgz 55177ms (cache miss)
1675 http fetch GET 200 https://registry.npmjs.org/next/-/next-15.4.1.tgz 55693ms (cache miss)
1676 http fetch GET 200 https://registry.npmjs.org/@tabler/icons-react/-/icons-react-3.34.0.tgz 65649ms (cache miss)
1677 info run sharp@0.34.3 install node_modules/sharp node install/check.js
1678 info run sharp@0.34.3 install { code: 0, signal: null }
1679 info run @tailwindcss/oxide@4.1.11 postinstall node_modules/@tailwindcss/oxide node ./scripts/install.js
1680 info run unrs-resolver@1.11.1 postinstall node_modules/unrs-resolver napi-postinstall unrs-resolver 1.11.1 check
1681 info run unrs-resolver@1.11.1 postinstall { code: 0, signal: null }
1682 info run @tailwindcss/oxide@4.1.11 postinstall { code: 0, signal: null }
1683 silly ADD node_modules/zod
1684 silly ADD node_modules/yocto-queue
1685 silly ADD node_modules/yallist
1686 silly ADD node_modules/word-wrap
1687 silly ADD node_modules/which-typed-array
1688 silly ADD node_modules/which-collection
1689 silly ADD node_modules/which-builtin-type
1690 silly ADD node_modules/which-boxed-primitive
1691 silly ADD node_modules/which
1692 silly ADD node_modules/victory-vendor
1693 silly ADD node_modules/vaul
1694 silly ADD node_modules/use-sync-external-store
1695 silly ADD node_modules/use-sidecar
1696 silly ADD node_modules/use-callback-ref
1697 silly ADD node_modules/uri-js
1698 silly ADD node_modules/unrs-resolver
1699 silly ADD node_modules/undici-types
1700 silly ADD node_modules/unbox-primitive
1701 silly ADD node_modules/typescript
1702 silly ADD node_modules/typed-array-length
1703 silly ADD node_modules/typed-array-byte-offset
1704 silly ADD node_modules/typed-array-byte-length
1705 silly ADD node_modules/typed-array-buffer
1706 silly ADD node_modules/type-check
1707 silly ADD node_modules/tw-animate-css
1708 silly ADD node_modules/tslib
1709 silly ADD node_modules/tsconfig-paths
1710 silly ADD node_modules/ts-api-utils
1711 silly ADD node_modules/to-regex-range
1712 silly ADD node_modules/tinyglobby
1713 silly ADD node_modules/tinyglobby/node_modules/picomatch
1714 silly ADD node_modules/tinyglobby/node_modules/fdir
1715 silly ADD node_modules/tiny-invariant
1716 silly ADD node_modules/thumbhash
1717 silly ADD node_modules/tar
1718 silly ADD node_modules/tapable
1719 silly ADD node_modules/tailwindcss
1720 silly ADD node_modules/tailwind-merge
1721 silly ADD node_modules/supports-preserve-symlinks-flag
1722 silly ADD node_modules/supports-color
1723 silly ADD node_modules/styled-jsx
1724 silly ADD node_modules/strip-json-comments
1725 silly ADD node_modules/strip-bom
1726 silly ADD node_modules/string.prototype.trimstart
1727 silly ADD node_modules/string.prototype.trimend
1728 silly ADD node_modules/string.prototype.trim
1729 silly ADD node_modules/string.prototype.repeat
1730 silly ADD node_modules/string.prototype.matchall
1731 silly ADD node_modules/string.prototype.includes
1732 silly ADD node_modules/stop-iteration-iterator
1733 silly ADD node_modules/stable-hash
1734 silly ADD node_modules/source-map-js
1735 silly ADD node_modules/sonner
1736 silly ADD node_modules/simple-swizzle
1737 silly ADD node_modules/side-channel-weakmap
1738 silly ADD node_modules/side-channel-map
1739 silly ADD node_modules/side-channel-list
1740 silly ADD node_modules/side-channel
1741 silly ADD node_modules/shebang-regex
1742 silly ADD node_modules/shebang-command
1743 silly ADD node_modules/sharp
1744 silly ADD node_modules/set-proto
1745 silly ADD node_modules/set-function-name
1746 silly ADD node_modules/set-function-length
1747 silly ADD node_modules/set-cookie-parser
1748 silly ADD node_modules/semver-compare
1749 silly ADD node_modules/semver
1750 silly ADD node_modules/scheduler
1751 silly ADD node_modules/safe-regex-test
1752 silly ADD node_modules/safe-push-apply
1753 silly ADD node_modules/safe-array-concat
1754 silly ADD node_modules/run-parallel
1755 silly ADD node_modules/reusify
1756 silly ADD node_modules/resolve-pkg-maps
1757 silly ADD node_modules/resolve-from
1758 silly ADD node_modules/resolve
1759 silly ADD node_modules/regexp.prototype.flags
1760 silly ADD node_modules/reflect.getprototypeof
1761 silly ADD node_modules/recharts-scale
1762 silly ADD node_modules/recharts
1763 silly ADD node_modules/recharts/node_modules/react-is
1764 silly ADD node_modules/react-transition-group
1765 silly ADD node_modules/react-style-singleton
1766 silly ADD node_modules/react-smooth
1767 silly ADD node_modules/react-router-dom
1768 silly ADD node_modules/react-router
1769 silly ADD node_modules/react-remove-scroll-bar
1770 silly ADD node_modules/react-remove-scroll
1771 silly ADD node_modules/react-merge-refs
1772 silly ADD node_modules/react-is
1773 silly ADD node_modules/react-icons
1774 silly ADD node_modules/react-hook-form
1775 silly ADD node_modules/react-dom
1776 silly ADD node_modules/react
1777 silly ADD node_modules/queue-microtask
1778 silly ADD node_modules/punycode
1779 silly ADD node_modules/proxy-from-env
1780 silly ADD node_modules/prop-types
1781 silly ADD node_modules/prelude-ls
1782 silly ADD node_modules/postcss
1783 silly ADD node_modules/possible-typed-array-names
1784 silly ADD node_modules/picomatch
1785 silly ADD node_modules/picocolors
1786 silly ADD node_modules/path-parse
1787 silly ADD node_modules/path-key
1788 silly ADD node_modules/path-exists
1789 silly ADD node_modules/parent-module
1790 silly ADD node_modules/p-locate
1791 silly ADD node_modules/p-limit
1792 silly ADD node_modules/own-keys
1793 silly ADD node_modules/optionator
1794 silly ADD node_modules/on-change
1795 silly ADD node_modules/object.values
1796 silly ADD node_modules/object.groupby
1797 silly ADD node_modules/object.fromentries
1798 silly ADD node_modules/object.entries
1799 silly ADD node_modules/object.assign
1800 silly ADD node_modules/object-keys
1801 silly ADD node_modules/object-inspect
1802 silly ADD node_modules/object-assign
1803 silly ADD node_modules/next-themes
1804 silly ADD node_modules/next
1805 silly ADD node_modules/next/node_modules/postcss
1806 silly ADD node_modules/natural-compare
1807 silly ADD node_modules/napi-postinstall
1808 silly ADD node_modules/nanoid
1809 silly ADD node_modules/ms
1810 silly ADD node_modules/motion-utils
1811 silly ADD node_modules/motion-dom
1812 silly ADD node_modules/motion
1813 silly ADD node_modules/mkdirp
1814 silly ADD node_modules/minizlib
1815 silly ADD node_modules/minipass
1816 silly ADD node_modules/minimist
1817 silly ADD node_modules/minimatch
1818 silly ADD node_modules/mime-types
1819 silly ADD node_modules/mime-db
1820 silly ADD node_modules/micromatch
1821 silly ADD node_modules/merge2
1822 silly ADD node_modules/math-intrinsics
1823 silly ADD node_modules/magic-string
1824 silly ADD node_modules/lucide-react
1825 silly ADD node_modules/loose-envify
1826 silly ADD node_modules/lodash.merge
1827 silly ADD node_modules/lodash.debounce
1828 silly ADD node_modules/lodash
1829 silly ADD node_modules/locate-path
1830 silly ADD node_modules/lightningcss-win32-x64-msvc
1831 silly ADD
1832 silly ADD
1833 silly ADD
1834 silly ADD
1835 silly ADD
1836 silly ADD
1837 silly ADD
1838 silly ADD
1839 silly ADD
1840 silly ADD node_modules/lightningcss
1841 silly ADD node_modules/levn
1842 silly ADD node_modules/language-tags
1843 silly ADD node_modules/language-subtag-registry
1844 silly ADD node_modules/keyv
1845 silly ADD node_modules/jsx-ast-utils
1846 silly ADD node_modules/json5
1847 silly ADD node_modules/json-stable-stringify-without-jsonify
1848 silly ADD node_modules/json-schema-traverse
1849 silly ADD node_modules/json-buffer
1850 silly ADD node_modules/js-yaml
1851 silly ADD node_modules/js-tokens
1852 silly ADD node_modules/jiti
1853 silly ADD node_modules/iterator.prototype
1854 silly ADD node_modules/isexe
1855 silly ADD node_modules/isarray
1856 silly ADD node_modules/is-weakset
1857 silly ADD node_modules/is-weakref
1858 silly ADD node_modules/is-weakmap
1859 silly ADD node_modules/is-typed-array
1860 silly ADD node_modules/is-symbol
1861 silly ADD node_modules/is-string
1862 silly ADD node_modules/is-shared-array-buffer
1863 silly ADD node_modules/is-set
1864 silly ADD node_modules/is-regex
1865 silly ADD node_modules/is-number-object
1866 silly ADD node_modules/is-number
1867 silly ADD node_modules/is-negative-zero
1868 silly ADD node_modules/is-map
1869 silly ADD node_modules/is-glob
1870 silly ADD node_modules/is-generator-function
1871 silly ADD node_modules/is-finalizationregistry
1872 silly ADD node_modules/is-extglob
1873 silly ADD node_modules/is-date-object
1874 silly ADD node_modules/is-data-view
1875 silly ADD node_modules/is-core-module
1876 silly ADD node_modules/is-callable
1877 silly ADD node_modules/is-bun-module
1878 silly ADD node_modules/is-boolean-object
1879 silly ADD node_modules/is-bigint
1880 silly ADD node_modules/is-async-function
1881 silly ADD node_modules/is-arrayish
1882 silly ADD node_modules/is-array-buffer
1883 silly ADD node_modules/internmap
1884 silly ADD node_modules/internal-slot
1885 silly ADD node_modules/imurmurhash
1886 silly ADD node_modules/import-fresh
1887 silly ADD node_modules/ignore
1888 silly ADD node_modules/hasown
1889 silly ADD node_modules/has-tostringtag
1890 silly ADD node_modules/has-symbols
1891 silly ADD node_modules/has-proto
1892 silly ADD node_modules/has-property-descriptors
1893 silly ADD node_modules/has-flag
1894 silly ADD node_modules/has-bigints
1895 silly ADD node_modules/graphemer
1896 silly ADD node_modules/graceful-fs
1897 silly ADD node_modules/gopd
1898 silly ADD node_modules/globalthis
1899 silly ADD node_modules/globals
1900 silly ADD node_modules/glob-parent
1901 silly ADD node_modules/get-tsconfig
1902 silly ADD node_modules/get-symbol-description
1903 silly ADD node_modules/get-proto
1904 silly ADD node_modules/get-nonce
1905 silly ADD node_modules/get-intrinsic
1906 silly ADD node_modules/functions-have-names
1907 silly ADD node_modules/function.prototype.name
1908 silly ADD node_modules/function-bind
1909 silly ADD node_modules/framer-motion
1910 silly ADD node_modules/form-data
1911 silly ADD node_modules/for-each
1912 silly ADD node_modules/follow-redirects
1913 silly ADD node_modules/flatted
1914 silly ADD node_modules/flat-cache
1915 silly ADD node_modules/find-up
1916 silly ADD node_modules/fill-range
1917 silly ADD node_modules/file-entry-cache
1918 silly ADD node_modules/fastq
1919 silly ADD node_modules/fast-levenshtein
1920 silly ADD node_modules/fast-json-stable-stringify
1921 silly ADD node_modules/fast-glob
1922 silly ADD node_modules/fast-glob/node_modules/glob-parent
1923 silly ADD node_modules/fast-equals
1924 silly ADD node_modules/fast-deep-equal
1925 silly ADD node_modules/eventemitter3
1926 silly ADD node_modules/esutils
1927 silly ADD node_modules/estraverse
1928 silly ADD node_modules/esrecurse
1929 silly ADD node_modules/esquery
1930 silly ADD node_modules/espree
1931 silly ADD node_modules/eslint-visitor-keys
1932 silly ADD node_modules/eslint-scope
1933 silly ADD node_modules/eslint-plugin-react-hooks
1934 silly ADD node_modules/eslint-plugin-react
1935 silly ADD node_modules/eslint-plugin-react/node_modules/semver
1936 silly ADD node_modules/eslint-plugin-react/node_modules/resolve
1937 silly ADD node_modules/eslint-plugin-jsx-a11y
1938 silly ADD node_modules/eslint-plugin-import
1939 silly ADD node_modules/eslint-plugin-import/node_modules/semver
1940 silly ADD node_modules/eslint-plugin-import/node_modules/debug
1941 silly ADD node_modules/eslint-module-utils
1942 silly ADD node_modules/eslint-module-utils/node_modules/debug
1943 silly ADD node_modules/eslint-import-resolver-typescript
1944 silly ADD node_modules/eslint-import-resolver-node
1945 silly ADD node_modules/eslint-import-resolver-node/node_modules/debug
1946 silly ADD node_modules/eslint-config-next
1947 silly ADD node_modules/eslint
1948 silly ADD node_modules/escape-string-regexp
1949 silly ADD node_modules/es-to-primitive
1950 silly ADD node_modules/es-shim-unscopables
1951 silly ADD node_modules/es-set-tostringtag
1952 silly ADD node_modules/es-object-atoms
1953 silly ADD node_modules/es-iterator-helpers
1954 silly ADD node_modules/es-errors
1955 silly ADD node_modules/es-define-property
1956 silly ADD node_modules/es-abstract
1957 silly ADD node_modules/enhanced-resolve
1958 silly ADD node_modules/emoji-regex
1959 silly ADD node_modules/dunder-proto
1960 silly ADD node_modules/dom-helpers
1961 silly ADD node_modules/doctrine
1962 silly ADD node_modules/detect-node-es
1963 silly ADD node_modules/detect-libc
1964 silly ADD node_modules/delayed-stream
1965 silly ADD node_modules/define-properties
1966 silly ADD node_modules/define-data-property
1967 silly ADD node_modules/deep-is
1968 silly ADD node_modules/decimal.js-light
1969 silly ADD node_modules/debug
1970 silly ADD node_modules/date-fns
1971 silly ADD node_modules/data-view-byte-offset
1972 silly ADD node_modules/data-view-byte-length
1973 silly ADD node_modules/data-view-buffer
1974 silly ADD node_modules/damerau-levenshtein
1975 silly ADD node_modules/d3-timer
1976 silly ADD node_modules/d3-time-format
1977 silly ADD node_modules/d3-time
1978 silly ADD node_modules/d3-shape
1979 silly ADD node_modules/d3-scale
1980 silly ADD node_modules/d3-path
1981 silly ADD node_modules/d3-interpolate
1982 silly ADD node_modules/d3-format
1983 silly ADD node_modules/d3-ease
1984 silly ADD node_modules/d3-color
1985 silly ADD node_modules/d3-array
1986 silly ADD node_modules/csstype
1987 silly ADD node_modules/cross-spawn
1988 silly ADD node_modules/cookie
1989 silly ADD node_modules/concat-map
1990 silly ADD node_modules/combined-stream
1991 silly ADD node_modules/color-string
1992 silly ADD node_modules/color-name
1993 silly ADD node_modules/color-convert
1994 silly ADD node_modules/color
1995 silly ADD node_modules/clsx
1996 silly ADD node_modules/client-only
1997 silly ADD node_modules/class-variance-authority
1998 silly ADD node_modules/chownr
1999 silly ADD node_modules/chalk
2000 silly ADD node_modules/caniuse-lite
2001 silly ADD node_modules/callsites
2002 silly ADD node_modules/call-bound
2003 silly ADD node_modules/call-bind-apply-helpers
2004 silly ADD node_modules/call-bind
2005 silly ADD node_modules/braces
2006 silly ADD node_modules/brace-expansion
2007 silly ADD node_modules/blurhash
2008 silly ADD node_modules/balanced-match
2009 silly ADD node_modules/axobject-query
2010 silly ADD node_modules/axios
2011 silly ADD node_modules/axe-core
2012 silly ADD node_modules/available-typed-arrays
2013 silly ADD node_modules/asynckit
2014 silly ADD node_modules/async-function
2015 silly ADD node_modules/ast-types-flow
2016 silly ADD node_modules/arraybuffer.prototype.slice
2017 silly ADD node_modules/array.prototype.tosorted
2018 silly ADD node_modules/array.prototype.flatmap
2019 silly ADD node_modules/array.prototype.flat
2020 silly ADD node_modules/array.prototype.findlastindex
2021 silly ADD node_modules/array.prototype.findlast
2022 silly ADD node_modules/array-includes
2023 silly ADD node_modules/array-buffer-byte-length
2024 silly ADD node_modules/aria-query
2025 silly ADD node_modules/aria-hidden
2026 silly ADD node_modules/argparse
2027 silly ADD node_modules/ansi-styles
2028 silly ADD node_modules/ajv
2029 silly ADD node_modules/acorn-jsx
2030 silly ADD node_modules/acorn
2031 silly ADD node_modules/@unrs/resolver-binding-win32-x64-msvc
2032 silly ADD
2033 silly ADD
2034 silly ADD
2035 silly ADD
2036 silly ADD
2037 silly ADD
2038 silly ADD
2039 silly ADD
2040 silly ADD
2041 silly ADD
2042 silly ADD
2043 silly ADD
2044 silly ADD
2045 silly ADD
2046 silly ADD
2047 silly ADD
2048 silly ADD
2049 silly ADD
2050 silly ADD node_modules/@typescript-eslint/visitor-keys
2051 silly ADD node_modules/@typescript-eslint/utils
2052 silly ADD node_modules/@typescript-eslint/typescript-estree
2053 silly ADD node_modules/@typescript-eslint/typescript-estree/node_modules/minimatch
2054 silly ADD node_modules/@typescript-eslint/typescript-estree/node_modules/glob-parent
2055 silly ADD node_modules/@typescript-eslint/typescript-estree/node_modules/fast-glob
2056 silly ADD node_modules/@typescript-eslint/typescript-estree/node_modules/brace-expansion
2057 silly ADD node_modules/@typescript-eslint/types
2058 silly ADD node_modules/@typescript-eslint/type-utils
2059 silly ADD node_modules/@typescript-eslint/tsconfig-utils
2060 silly ADD node_modules/@typescript-eslint/scope-manager
2061 silly ADD node_modules/@typescript-eslint/project-service
2062 silly ADD node_modules/@typescript-eslint/parser
2063 silly ADD node_modules/@typescript-eslint/eslint-plugin
2064 silly ADD node_modules/@typescript-eslint/eslint-plugin/node_modules/ignore
2065 silly ADD node_modules/@types/react-dom
2066 silly ADD node_modules/@types/react
2067 silly ADD node_modules/@types/node
2068 silly ADD node_modules/@types/json5
2069 silly ADD node_modules/@types/json-schema
2070 silly ADD node_modules/@types/estree
2071 silly ADD node_modules/@types/d3-timer
2072 silly ADD node_modules/@types/d3-time
2073 silly ADD node_modules/@types/d3-shape
2074 silly ADD node_modules/@types/d3-scale
2075 silly ADD node_modules/@types/d3-path
2076 silly ADD node_modules/@types/d3-interpolate
2077 silly ADD node_modules/@types/d3-ease
2078 silly ADD node_modules/@types/d3-color
2079 silly ADD node_modules/@types/d3-array
2080 silly ADD node_modules/@tybys/wasm-util
2081 silly ADD node_modules/@tanstack/table-core
2082 silly ADD node_modules/@tanstack/react-table
2083 silly ADD node_modules/@tanstack/react-query
2084 silly ADD node_modules/@tanstack/query-core
2085 silly ADD node_modules/@tailwindcss/postcss
2086 silly ADD node_modules/@tailwindcss/oxide-win32-x64-msvc
2087 silly ADD
2088 silly ADD
2089 silly ADD
2090 silly ADD
2091 silly ADD
2092 silly ADD
2093 silly ADD
2094 silly ADD
2095 silly ADD
2096 silly ADD
2097 silly ADD
2098 silly ADD node_modules/@tailwindcss/oxide
2099 silly ADD node_modules/@tailwindcss/node
2100 silly ADD node_modules/@tabler/icons-react
2101 silly ADD node_modules/@tabler/icons
2102 silly ADD node_modules/@swc/helpers
2103 silly ADD node_modules/@standard-schema/utils
2104 silly ADD node_modules/@splinetool/runtime
2105 silly ADD node_modules/@splinetool/react-spline
2106 silly ADD node_modules/@rushstack/eslint-patch
2107 silly ADD node_modules/@rtsao/scc
2108 silly ADD node_modules/@radix-ui/rect
2109 silly ADD node_modules/@radix-ui/react-visually-hidden
2110 silly ADD node_modules/@radix-ui/react-use-size
2111 silly ADD node_modules/@radix-ui/react-use-rect
2112 silly ADD node_modules/@radix-ui/react-use-previous
2113 silly ADD node_modules/@radix-ui/react-use-layout-effect
2114 silly ADD node_modules/@radix-ui/react-use-is-hydrated
2115 silly ADD node_modules/@radix-ui/react-use-escape-keydown
2116 silly ADD node_modules/@radix-ui/react-use-effect-event
2117 silly ADD node_modules/@radix-ui/react-use-controllable-state
2118 silly ADD node_modules/@radix-ui/react-use-callback-ref
2119 silly ADD node_modules/@radix-ui/react-tooltip
2120 silly ADD node_modules/@radix-ui/react-toggle-group
2121 silly ADD node_modules/@radix-ui/react-toggle
2122 silly ADD node_modules/@radix-ui/react-tabs
2123 silly ADD node_modules/@radix-ui/react-switch
2124 silly ADD node_modules/@radix-ui/react-slot
2125 silly ADD node_modules/@radix-ui/react-slider
2126 silly ADD node_modules/@radix-ui/react-separator
2127 silly ADD node_modules/@radix-ui/react-select
2128 silly ADD node_modules/@radix-ui/react-scroll-area
2129 silly ADD node_modules/@radix-ui/react-roving-focus
2130 silly ADD node_modules/@radix-ui/react-primitive
2131 silly ADD node_modules/@radix-ui/react-presence
2132 silly ADD node_modules/@radix-ui/react-portal
2133 silly ADD node_modules/@radix-ui/react-popper
2134 silly ADD node_modules/@radix-ui/react-menu
2135 silly ADD node_modules/@radix-ui/react-label
2136 silly ADD node_modules/@radix-ui/react-id
2137 silly ADD node_modules/@radix-ui/react-focus-scope
2138 silly ADD node_modules/@radix-ui/react-focus-guards
2139 silly ADD node_modules/@radix-ui/react-dropdown-menu
2140 silly ADD node_modules/@radix-ui/react-dismissable-layer
2141 silly ADD node_modules/@radix-ui/react-direction
2142 silly ADD node_modules/@radix-ui/react-dialog
2143 silly ADD node_modules/@radix-ui/react-context
2144 silly ADD node_modules/@radix-ui/react-compose-refs
2145 silly ADD node_modules/@radix-ui/react-collection
2146 silly ADD node_modules/@radix-ui/react-checkbox
2147 silly ADD node_modules/@radix-ui/react-avatar
2148 silly ADD node_modules/@radix-ui/react-arrow
2149 silly ADD node_modules/@radix-ui/primitive
2150 silly ADD node_modules/@radix-ui/number
2151 silly ADD node_modules/@nolyfill/is-core-module
2152 silly ADD node_modules/@nodelib/fs.walk
2153 silly ADD node_modules/@nodelib/fs.stat
2154 silly ADD node_modules/@nodelib/fs.scandir
2155 silly ADD node_modules/@next/swc-win32-x64-msvc
2156 silly ADD
2157 silly ADD
2158 silly ADD
2159 silly ADD
2160 silly ADD
2161 silly ADD
2162 silly ADD
2163 silly ADD node_modules/@next/eslint-plugin-next
2164 silly ADD node_modules/@next/env
2165 silly ADD node_modules/@napi-rs/wasm-runtime
2166 silly ADD node_modules/@jridgewell/trace-mapping
2167 silly ADD node_modules/@jridgewell/sourcemap-codec
2168 silly ADD node_modules/@jridgewell/resolve-uri
2169 silly ADD node_modules/@jridgewell/gen-mapping
2170 silly ADD node_modules/@isaacs/fs-minipass
2171 silly ADD node_modules/@img/sharp-win32-x64
2172 silly ADD
2173 silly ADD
2174 silly ADD
2175 silly ADD
2176 silly ADD
2177 silly ADD
2178 silly ADD
2179 silly ADD
2180 silly ADD
2181 silly ADD
2182 silly ADD
2183 silly ADD
2184 silly ADD
2185 silly ADD
2186 silly ADD
2187 silly ADD
2188 silly ADD
2189 silly ADD
2190 silly ADD
2191 silly ADD
2192 silly ADD
2193 silly ADD node_modules/@humanwhocodes/retry
2194 silly ADD node_modules/@humanwhocodes/module-importer
2195 silly ADD node_modules/@humanfs/node
2196 silly ADD node_modules/@humanfs/node/node_modules/@humanwhocodes/retry
2197 silly ADD node_modules/@humanfs/core
2198 silly ADD node_modules/@hookform/resolvers
2199 silly ADD node_modules/@floating-ui/utils
2200 silly ADD node_modules/@floating-ui/react-dom
2201 silly ADD node_modules/@floating-ui/dom
2202 silly ADD node_modules/@floating-ui/core
2203 silly ADD node_modules/@eslint/plugin-kit
2204 silly ADD node_modules/@eslint/object-schema
2205 silly ADD node_modules/@eslint/js
2206 silly ADD node_modules/@eslint/eslintrc
2207 silly ADD node_modules/@eslint/core
2208 silly ADD node_modules/@eslint/config-helpers
2209 silly ADD node_modules/@eslint/config-array
2210 silly ADD node_modules/@eslint-community/regexpp
2211 silly ADD node_modules/@eslint-community/eslint-utils
2212 silly ADD node_modules/@eslint-community/eslint-utils/node_modules/eslint-visitor-keys
2213 silly ADD node_modules/@emnapi/wasi-threads
2214 silly ADD node_modules/@emnapi/runtime
2215 silly ADD node_modules/@emnapi/core
2216 silly ADD node_modules/@dnd-kit/utilities
2217 silly ADD node_modules/@dnd-kit/sortable
2218 silly ADD node_modules/@dnd-kit/modifiers
2219 silly ADD node_modules/@dnd-kit/core
2220 silly ADD node_modules/@dnd-kit/accessibility
2221 silly ADD node_modules/@babel/runtime
2222 silly ADD node_modules/@ampproject/remapping
2223 silly ADD node_modules/@alloc/quick-lru
2224 verbose cwd D:\project\callify\call_me-main\call\frontend
2225 verbose os Windows_NT 10.0.26200
2226 verbose node v22.16.0
2227 verbose npm  v10.9.2
2228 notice
2228 notice New major version of npm available! 10.9.2 -> 11.17.0
2228 notice Changelog: https://github.com/npm/cli/releases/tag/v11.17.0
2228 notice To update run: npm install -g npm@11.17.0
2228 notice  { force: true, [Symbol(proc-log.meta)]: true }
2229 verbose exit 0
2230 info ok
